"REALINCREMENT_1","REALINCREMENT_2","REALINCREMENT_3","REALINCREMENT_4","REALINCREMENT_5","REALINCREMENT_6","REALINCREMENT_7","REALINCREMENT_8","REALINCREMENT_9","REALINCREMENT_10","REALINCREMENT_11","REALINCREMENT_12","REALINCREMENT_13","REALINCREMENT_14","REALINCREMENT_15","REALINCREMENT_16","REALINCREMENT_17","REALINCREMENT_18","REALINCREMENT_19","REALINCREMENT_20","REALINCREMENT_21","REALINCREMENT_22","REALINCREMENT_23","REALINCREMENT_24","REALINCREMENT_25","REALINCREMENT_26","REALINCREMENT_27","REALINCREMENT_28","REALINCREMENT_29","REALINCREMENT_30","REALINCREMENT_31","REALINCREMENT_32","REALINCREMENT_33","REALINCREMENT_34","REALINCREMENT_35","REALINCREMENT_36","REALINCREMENT_37","REALINCREMENT_38","REALINCREMENT_39","REALINCREMENT_40","REALINCREMENT_41","REALINCREMENT_42","REALINCREMENT_43","REALINCREMENT_44","REALINCREMENT_45","REALINCREMENT_46","REALINCREMENT_47","REALINCREMENT_48"
0,0,0,0,0,0,0,0,0,0,0,0,0,0,0,14,43,43,14,20,0,0,0,0,0,0,0,0,0,0,0,0,60,20,10,0,0,0,0,0,20,0,10,20,10,0,0,0
0,0,0,0,0,0,0,0,0,0,0,0,0,0,14,43,43,14,20,0,0,0,0,0,0,0,0,0,0,0,0,60,20,10,0,0,0,0,0,20,0,10,20,10,0,0,0,0
0,0,0,0,0,0,0,0,0,0,0,0,0,14,43,43,14,20,0,0,0,0,0,0,0,0,0,0,0,0,60,20,10,0,0,0,0,0,20,0,10,20,10,0,0,0,0,0
0,0,0,0,0,0,0,0,0,0,0,0,14,43,43,14,20,0,0,0,0,0,0,0,0,0,0,0,0,60,20,10,0,0,0,0,0,20,0,10,20,10,0,0,0,0,0,0
0,0,0,0,0,0,0,0,0,0,0,14,43,43,14,20,0,0,0,0,0,0,0,0,0,0,0,0,60,20,10,0,0,0,0,0,20,0,10,20,10,0,0,0,0,0,0,0
0,0,0,0,0,0,0,0,0,0,14,43,43,14,20,0,0,0,0,0,0,0,0,0,0,0,0,60,20,10,0,0,0,0,0,20,0,10,20,10,0,0,0,0,0,0,0,10
0,0,0,0,0,0,0,0,14,43,43,14,20,0,0,0,0,0,0,0,0,0,0,0,0,60,20,10,0,0,0,0,0,20,0,10,20,10,0,0,0,0,0,0,0,10,0,30
0,0,0,0,0,0,0,14,43,43,14,20,0,0,0,0,0,0,0,0,0,0,0,0,60,20,10,0,0,0,0,0,20,0,10,20,10,0,0,0,0,0,0,0,10,0,30,0
0,0,0,0,0,14,43,43,14,20,0,0,0,0,0,0,0,0,0,0,0,0,60,20,10,0,0,0,0,0,20,0,10,20,10,0,0,0,0,0,0,0,10,0,30,0,10,10
0,0,0,0,14,43,43,14,20,0,0,0,0,0,0,0,0,0,0,0,0,60,20,10,0,0,0,0,0,20,0,10,20,10,0,0,0,0,0,0,0,10,0,30,0,10,10,20
0,0,0,14,43,43,14,20,0,0,0,0,0,0,0,0,0,0,0,0,60,20,10,0,0,0,0,0,20,0,10,20,10,0,0,0,0,0,0,0,10,0,30,0,10,10,20,40
0,14,43,43,14,20,0,0,0,0,0,0,0,0,0,0,0,0,60,20,10,0,0,0,0,0,20,0,10,20,10,0,0,0,0,0,0,0,10,0,30,0,10,10,20,40,20,0
43,43,14,20,0,0,0,0,0,0,0,0,0,0,0,0,60,20,10,0,0,0,0,0,20,0,10,20,10,0,0,0,0,0,0,0,10,0,30,0,10,10,20,40,20,0,10,0
43,14,20,0,0,0,0,0,0,0,0,0,0,0,0,60,20,10,0,0,0,0,0,20,0,10,20,10,0,0,0,0,0,0,0,10,0,30,0,10,10,20,40,20,0,10,0,20
14,20,0,0,0,0,0,0,0,0,0,0,0,0,60,20,10,0,0,0,0,0,20,0,10,20,10,0,0,0,0,0,0,0,10,0,30,0,10,10,20,40,20,0,10,0,20,10
20,0,0,0,0,0,0,0,0,0,0,0,0,60,20,10,0,0,0,0,0,20,0,10,20,10,0,0,0,0,0,0,0,10,0,30,0,10,10,20,40,20,0,10,0,20,10,0
0,0,0,0,0,0,0,0,0,0,0,0,60,20,10,0,0,0,0,0,20,0,10,20,10,0,0,0,0,0,0,0,10,0,30,0,10,10,20,40,20,0,10,0,20,10,0,0
0,0,0,0,0,0,0,0,0,0,0,60,20,10,0,0,0,0,0,20,0,10,20,10,0,0,0,0,0,0,0,10,0,30,0,10,10,20,40,20,0,10,0,20,10,0,0,0
0,0,0,0,0,0,0,0,0,0,60,20,10,0,0,0,0,0,20,0,10,20,10,0,0,0,0,0,0,0,10,0,30,0,10,10,20,40,20,0,10,0,20,10,0,0,0,0
0,0,0,0,0,0,0,0,0,60,20,10,0,0,0,0,0,20,0,10,20,10,0,0,0,0,0,0,0,10,0,30,0,10,10,20,40,20,0,10,0,20,10,0,0,0,0,0
0,0,0,0,0,0,60,20,10,0,0,0,0,0,20,0,10,20,10,0,0,0,0,0,0,0,10,0,30,0,10,10,20,40,20,0,10,0,20,10,0,0,0,0,0,0,0,0
0,0,0,0,0,60,20,10,0,0,0,0,0,20,0,10,20,10,0,0,0,0,0,0,0,10,0,30,0,10,10,20,40,20,0,10,0,20,10,0,0,0,0,0,0,0,0,0
0,0,0,0,60,20,10,0,0,0,0,0,20,0,10,20,10,0,0,0,0,0,0,0,10,0,30,0,10,10,20,40,20,0,10,0,20,10,0,0,0,0,0,0,0,0,0,0
0,0,0,60,20,10,0,0,0,0,0,20,0,10,20,10,0,0,0,0,0,0,0,10,0,30,0,10,10,20,40,20,0,10,0,20,10,0,0,0,0,0,0,0,0,0,0,0
0,0,60,20,10,0,0,0,0,0,20,0,10,20,10,0,0,0,0,0,0,0,10,0,30,0,10,10,20,40,20,0,10,0,20,10,0,0,0,0,0,0,0,0,0,0,0,20
0,60,20,10,0,0,0,0,0,20,0,10,20,10,0,0,0,0,0,0,0,10,0,30,0,10,10,20,40,20,0,10,0,20,10,0,0,0,0,0,0,0,0,0,0,0,20,10
60,20,10,0,0,0,0,0,20,0,10,20,10,0,0,0,0,0,0,0,10,0,30,0,10,10,20,40,20,0,10,0,20,10,0,0,0,0,0,0,0,0,0,0,0,20,10,10
10,0,0,0,0,0,20,0,10,20,10,0,0,0,0,0,0,0,10,0,30,0,10,10,20,40,20,0,10,0,20,10,0,0,0,0,0,0,0,0,0,0,0,20,10,10,20,20
0,0,0,0,0,20,0,10,20,10,0,0,0,0,0,0,0,10,0,30,0,10,10,20,40,20,0,10,0,20,10,0,0,0,0,0,0,0,0,0,0,0,20,10,10,20,20,10
0,0,0,0,20,0,10,20,10,0,0,0,0,0,0,0,10,0,30,0,10,10,20,40,20,0,10,0,20,10,0,0,0,0,0,0,0,0,0,0,0,20,10,10,20,20,10,40
0,0,0,20,0,10,20,10,0,0,0,0,0,0,0,10,0,30,0,10,10,20,40,20,0,10,0,20,10,0,0,0,0,0,0,0,0,0,0,0,20,10,10,20,20,10,40,10
0,0,20,0,10,20,10,0,0,0,0,0,0,0,10,0,30,0,10,10,20,40,20,0,10,0,20,10,0,0,0,0,0,0,0,0,0,0,0,20,10,10,20,20,10,40,10,20
0,20,0,10,20,10,0,0,0,0,0,0,0,10,0,30,0,10,10,20,40,20,0,10,0,20,10,0,0,0,0,0,0,0,0,0,0,0,20,10,10,20,20,10,40,10,20,0
20,0,10,20,10,0,0,0,0,0,0,0,10,0,30,0,10,10,20,40,20,0,10,0,20,10,0,0,0,0,0,0,0,0,0,0,0,20,10,10,20,20,10,40,10,20,0,10
0,10,20,10,0,0,0,0,0,0,0,10,0,30,0,10,10,20,40,20,0,10,0,20,10,0,0,0,0,0,0,0,0,0,0,0,20,10,10,20,20,10,40,10,20,0,10,30
20,10,0,0,0,0,0,0,0,10,0,30,0,10,10,20,40,20,0,10,0,20,10,0,0,0,0,0,0,0,0,0,0,0,20,10,10,20,20,10,40,10,20,0,10,30,0,0
10,0,0,0,0,0,0,0,10,0,30,0,10,10,20,40,20,0,10,0,20,10,0,0,0,0,0,0,0,0,0,0,0,20,10,10,20,20,10,40,10,20,0,10,30,0,0,20
0,0,0,0,0,0,0,10,0,30,0,10,10,20,40,20,0,10,0,20,10,0,0,0,0,0,0,0,0,0,0,0,20,10,10,20,20,10,40,10,20,0,10,30,0,0,20,0
0,0,0,0,0,0,10,0,30,0,10,10,20,40,20,0,10,0,20,10,0,0,0,0,0,0,0,0,0,0,0,20,10,10,20,20,10,40,10,20,0,10,30,0,0,20,0,0
0,0,0,10,0,30,0,10,10,20,40,20,0,10,0,20,10,0,0,0,0,0,0,0,0,0,0,0,20,10,10,20,20,10,40,10,20,0,10,30,0,0,20,0,0,0,0,0
0,10,0,30,0,10,10,20,40,20,0,10,0,20,10,0,0,0,0,0,0,0,0,0,0,0,20,10,10,20,20,10,40,10,20,0,10,30,0,0,20,0,0,0,0,0,0,0
10,10,20,40,20,0,10,0,20,10,0,0,0,0,0,0,0,0,0,0,0,20,10,10,20,20,10,40,10,20,0,10,30,0,0,20,0,0,0,0,0,0,0,0,0,0,0,0
10,20,40,20,0,10,0,20,10,0,0,0,0,0,0,0,0,0,0,0,20,10,10,20,20,10,40,10,20,0,10,30,0,0,20,0,0,0,0,0,0,0,0,0,0,0,0,10
20,40,20,0,10,0,20,10,0,0,0,0,0,0,0,0,0,0,0,20,10,10,20,20,10,40,10,20,0,10,30,0,0,20,0,0,0,0,0,0,0,0,0,0,0,0,10,0
40,20,0,10,0,20,10,0,0,0,0,0,0,0,0,0,0,0,20,10,10,20,20,10,40,10,20,0,10,30,0,0,20,0,0,0,0,0,0,0,0,0,0,0,0,10,0,0
20,0,10,0,20,10,0,0,0,0,0,0,0,0,0,0,0,20,10,10,20,20,10,40,10,20,0,10,30,0,0,20,0,0,0,0,0,0,0,0,0,0,0,0,10,0,0,40
0,10,0,20,10,0,0,0,0,0,0,0,0,0,0,0,20,10,10,20,20,10,40,10,20,0,10,30,0,0,20,0,0,0,0,0,0,0,0,0,0,0,0,10,0,0,40,10
10,0,20,10,0,0,0,0,0,0,0,0,0,0,0,20,10,10,20,20,10,40,10,20,0,10,30,0,0,20,0,0,0,0,0,0,0,0,0,0,0,0,10,0,0,40,10,10
0,20,10,0,0,0,0,0,0,0,0,0,0,0,20,10,10,20,20,10,40,10,20,0,10,30,0,0,20,0,0,0,0,0,0,0,0,0,0,0,0,10,0,0,40,10,10,0
20,10,0,0,0,0,0,0,0,0,0,0,0,20,10,10,20,20,10,40,10,20,0,10,30,0,0,20,0,0,0,0,0,0,0,0,0,0,0,0,10,0,0,40,10,10,0,10
10,0,0,0,0,0,0,0,0,0,0,0,20,10,10,20,20,10,40,10,20,0,10,30,0,0,20,0,0,0,0,0,0,0,0,0,0,0,0,10,0,0,40,10,10,0,10,0
0,0,0,0,0,0,0,0,0,0,0,20,10,10,20,20,10,40,10,20,0,10,30,0,0,20,0,0,0,0,0,0,0,0,0,0,0,0,10,0,0,40,10,10,0,10,0,0
0,0,0,0,0,0,0,0,0,0,20,10,10,20,20,10,40,10,20,0,10,30,0,0,20,0,0,0,0,0,0,0,0,0,0,0,0,10,0,0,40,10,10,0,10,0,0,0
0,0,0,0,0,0,0,20,10,10,20,20,10,40,10,20,0,10,30,0,0,20,0,0,0,0,0,0,0,0,0,0,0,0,10,0,0,40,10,10,0,10,0,0,0,0,10,0
0,0,0,0,20,10,10,20,20,10,40,10,20,0,10,30,0,0,20,0,0,0,0,0,0,0,0,0,0,0,0,10,0,0,40,10,10,0,10,0,0,0,0,10,0,0,0,0
0,0,20,10,10,20,20,10,40,10,20,0,10,30,0,0,20,0,0,0,0,0,0,0,0,0,0,0,0,10,0,0,40,10,10,0,10,0,0,0,0,10,0,0,0,0,0,0
0,20,10,10,20,20,10,40,10,20,0,10,30,0,0,20,0,0,0,0,0,0,0,0,0,0,0,0,10,0,0,40,10,10,0,10,0,0,0,0,10,0,0,0,0,0,0,0
20,20,10,40,10,20,0,10,30,0,0,20,0,0,0,0,0,0,0,0,0,0,0,0,10,0,0,40,10,10,0,10,0,0,0,0,10,0,0,0,0,0,0,0,0,0,0,0
10,40,10,20,0,10,30,0,0,20,0,0,0,0,0,0,0,0,0,0,0,0,10,0,0,40,10,10,0,10,0,0,0,0,10,0,0,0,0,0,0,0,0,0,0,0,10,40
40,10,20,0,10,30,0,0,20,0,0,0,0,0,0,0,0,0,0,0,0,10,0,0,40,10,10,0,10,0,0,0,0,10,0,0,0,0,0,0,0,0,0,0,0,10,40,30
10,20,0,10,30,0,0,20,0,0,0,0,0,0,0,0,0,0,0,0,10,0,0,40,10,10,0,10,0,0,0,0,10,0,0,0,0,0,0,0,0,0,0,0,10,40,30,30
0,10,30,0,0,20,0,0,0,0,0,0,0,0,0,0,0,0,10,0,0,40,10,10,0,10,0,0,0,0,10,0,0,0,0,0,0,0,0,0,0,0,10,40,30,30,10,0
0,20,0,0,0,0,0,0,0,0,0,0,0,0,10,0,0,40,10,10,0,10,0,0,0,0,10,0,0,0,0,0,0,0,0,0,0,0,10,40,30,30,10,0,10,0,0,30
20,0,0,0,0,0,0,0,0,0,0,0,0,10,0,0,40,10,10,0,10,0,0,0,0,10,0,0,0,0,0,0,0,0,0,0,0,10,40,30,30,10,0,10,0,0,30,20
0,0,0,0,0,0,0,0,10,0,0,40,10,10,0,10,0,0,0,0,10,0,0,0,0,0,0,0,0,0,0,0,10,40,30,30,10,0,10,0,0,30,20,20,10,0,0,0
0,0,0,0,0,0,0,10,0,0,40,10,10,0,10,0,0,0,0,10,0,0,0,0,0,0,0,0,0,0,0,10,40,30,30,10,0,10,0,0,30,20,20,10,0,0,0,10
0,0,0,0,0,10,0,0,40,10,10,0,10,0,0,0,0,10,0,0,0,0,0,0,0,0,0,0,0,10,40,30,30,10,0,10,0,0,30,20,20,10,0,0,0,10,0,0
0,0,0,10,0,0,40,10,10,0,10,0,0,0,0,10,0,0,0,0,0,0,0,0,0,0,0,10,40,30,30,10,0,10,0,0,30,20,20,10,0,0,0,10,0,0,0,0
10,0,0,40,10,10,0,10,0,0,0,0,10,0,0,0,0,0,0,0,0,0,0,0,10,40,30,30,10,0,10,0,0,30,20,20,10,0,0,0,10,0,0,0,0,10,0,10
0,0,40,10,10,0,10,0,0,0,0,10,0,0,0,0,0,0,0,0,0,0,0,10,40,30,30,10,0,10,0,0,30,20,20,10,0,0,0,10,0,0,0,0,10,0,10,20
40,10,10,0,10,0,0,0,0,10,0,0,0,0,0,0,0,0,0,0,0,10,40,30,30,10,0,10,0,0,30,20,20,10,0,0,0,10,0,0,0,0,10,0,10,20,10,10
10,10,0,10,0,0,0,0,10,0,0,0,0,0,0,0,0,0,0,0,10,40,30,30,10,0,10,0,0,30,20,20,10,0,0,0,10,0,0,0,0,10,0,10,20,10,10,30
0,10,0,0,0,0,10,0,0,0,0,0,0,0,0,0,0,0,10,40,30,30,10,0,10,0,0,30,20,20,10,0,0,0,10,0,0,0,0,10,0,10,20,10,10,30,0,0
10,0,0,0,0,10,0,0,0,0,0,0,0,0,0,0,0,10,40,30,30,10,0,10,0,0,30,20,20,10,0,0,0,10,0,0,0,0,10,0,10,20,10,10,30,0,0,0
0,0,0,0,10,0,0,0,0,0,0,0,0,0,0,0,10,40,30,30,10,0,10,0,0,30,20,20,10,0,0,0,10,0,0,0,0,10,0,10,20,10,10,30,0,0,0,0
0,0,10,0,0,0,0,0,0,0,0,0,0,0,10,40,30,30,10,0,10,0,0,30,20,20,10,0,0,0,10,0,0,0,0,10,0,10,20,10,10,30,0,0,0,0,20,110
0,10,0,0,0,0,0,0,0,0,0,0,0,10,40,30,30,10,0,10,0,0,30,20,20,10,0,0,0,10,0,0,0,0,10,0,10,20,10,10,30,0,0,0,0,20,110,10
10,0,0,0,0,0,0,0,0,0,0,0,10,40,30,30,10,0,10,0,0,30,20,20,10,0,0,0,10,0,0,0,0,10,0,10,20,10,10,30,0,0,0,0,20,110,10,7
0,0,0,0,0,0,0,0,0,0,0,10,40,30,30,10,0,10,0,0,30,20,20,10,0,0,0,10,0,0,0,0,10,0,10,20,10,10,30,0,0,0,0,20,110,10,7,0
0,0,0,0,0,0,0,0,0,0,10,40,30,30,10,0,10,0,0,30,20,20,10,0,0,0,10,0,0,0,0,10,0,10,20,10,10,30,0,0,0,0,20,110,10,7,0,0
0,0,0,0,0,0,0,0,0,10,40,30,30,10,0,10,0,0,30,20,20,10,0,0,0,10,0,0,0,0,10,0,10,20,10,10,30,0,0,0,0,20,110,10,7,0,0,0
0,0,0,0,0,0,0,0,10,40,30,30,10,0,10,0,0,30,20,20,10,0,0,0,10,0,0,0,0,10,0,10,20,10,10,30,0,0,0,0,20,110,10,7,0,0,0,0
0,0,0,0,0,0,0,10,40,30,30,10,0,10,0,0,30,20,20,10,0,0,0,10,0,0,0,0,10,0,10,20,10,10,30,0,0,0,0,20,110,10,7,0,0,0,0,0
0,0,0,0,0,0,10,40,30,30,10,0,10,0,0,30,20,20,10,0,0,0,10,0,0,0,0,10,0,10,20,10,10,30,0,0,0,0,20,110,10,7,0,0,0,0,0,0
0,0,0,0,0,10,40,30,30,10,0,10,0,0,30,20,20,10,0,0,0,10,0,0,0,0,10,0,10,20,10,10,30,0,0,0,0,20,110,10,7,0,0,0,0,0,0,0
0,0,0,0,10,40,30,30,10,0,10,0,0,30,20,20,10,0,0,0,10,0,0,0,0,10,0,10,20,10,10,30,0,0,0,0,20,110,10,7,0,0,0,0,0,0,0,0
0,0,10,40,30,30,10,0,10,0,0,30,20,20,10,0,0,0,10,0,0,0,0,10,0,10,20,10,10,30,0,0,0,0,20,110,10,7,0,0,0,0,0,0,0,0,0,0
0,10,40,30,30,10,0,10,0,0,30,20,20,10,0,0,0,10,0,0,0,0,10,0,10,20,10,10,30,0,0,0,0,20,110,10,7,0,0,0,0,0,0,0,0,0,0,0
30,30,10,0,10,0,0,30,20,20,10,0,0,0,10,0,0,0,0,10,0,10,20,10,10,30,0,0,0,0,20,110,10,7,0,0,0,0,0,0,0,0,0,0,0,0,30,0
30,10,0,10,0,0,30,20,20,10,0,0,0,10,0,0,0,0,10,0,10,20,10,10,30,0,0,0,0,20,110,10,7,0,0,0,0,0,0,0,0,0,0,0,0,30,0,50
10,0,0,30,20,20,10,0,0,0,10,0,0,0,0,10,0,10,20,10,10,30,0,0,0,0,20,110,10,7,0,0,0,0,0,0,0,0,0,0,0,0,30,0,50,0,10,10
0,0,30,20,20,10,0,0,0,10,0,0,0,0,10,0,10,20,10,10,30,0,0,0,0,20,110,10,7,0,0,0,0,0,0,0,0,0,0,0,0,30,0,50,0,10,10,20
0,30,20,20,10,0,0,0,10,0,0,0,0,10,0,10,20,10,10,30,0,0,0,0,20,110,10,7,0,0,0,0,0,0,0,0,0,0,0,0,30,0,50,0,10,10,20,0
30,20,20,10,0,0,0,10,0,0,0,0,10,0,10,20,10,10,30,0,0,0,0,20,110,10,7,0,0,0,0,0,0,0,0,0,0,0,0,30,0,50,0,10,10,20,0,20
20,20,10,0,0,0,10,0,0,0,0,10,0,10,20,10,10,30,0,0,0,0,20,110,10,7,0,0,0,0,0,0,0,0,0,0,0,0,30,0,50,0,10,10,20,0,20,20
0,0,0,10,0,0,0,0,10,0,10,20,10,10,30,0,0,0,0,20,110,10,7,0,0,0,0,0,0,0,0,0,0,0,0,30,0,50,0,10,10,20,0,20,20,10,10,0
0,10,0,0,0,0,10,0,10,20,10,10,30,0,0,0,0,20,110,10,7,0,0,0,0,0,0,0,0,0,0,0,0,30,0,50,0,10,10,20,0,20,20,10,10,0,0,0
10,0,0,0,0,10,0,10,20,10,10,30,0,0,0,0,20,110,10,7,0,0,0,0,0,0,0,0,0,0,0,0,30,0,50,0,10,10,20,0,20,20,10,10,0,0,0,0
0,0,0,10,0,10,20,10,10,30,0,0,0,0,20,110,10,7,0,0,0,0,0,0,0,0,0,0,0,0,30,0,50,0,10,10,20,0,20,20,10,10,0,0,0,0,0,0
0,0,10,0,10,20,10,10,30,0,0,0,0,20,110,10,7,0,0,0,0,0,0,0,0,0,0,0,0,30,0,50,0,10,10,20,0,20,20,10,10,0,0,0,0,0,0,0
0,10,0,10,20,10,10,30,0,0,0,0,20,110,10,7,0,0,0,0,0,0,0,0,0,0,0,0,30,0,50,0,10,10,20,0,20,20,10,10,0,0,0,0,0,0,0,0
10,0,10,20,10,10,30,0,0,0,0,20,110,10,7,0,0,0,0,0,0,0,0,0,0,0,0,30,0,50,0,10,10,20,0,20,20,10,10,0,0,0,0,0,0,0,0,0
10,20,10,10,30,0,0,0,0,20,110,10,7,0,0,0,0,0,0,0,0,0,0,0,0,30,0,50,0,10,10,20,0,20,20,10,10,0,0,0,0,0,0,0,0,0,0,0
10,10,30,0,0,0,0,20,110,10,7,0,0,0,0,0,0,0,0,0,0,0,0,30,0,50,0,10,10,20,0,20,20,10,10,0,0,0,0,0,0,0,0,0,0,0,30,40
10,30,0,0,0,0,20,110,10,7,0,0,0,0,0,0,0,0,0,0,0,0,30,0,50,0,10,10,20,0,20,20,10,10,0,0,0,0,0,0,0,0,0,0,0,30,40,10
30,0,0,0,0,20,110,10,7,0,0,0,0,0,0,0,0,0,0,0,0,30,0,50,0,10,10,20,0,20,20,10,10,0,0,0,0,0,0,0,0,0,0,0,30,40,10,10
0,0,0,20,110,10,7,0,0,0,0,0,0,0,0,0,0,0,0,30,0,50,0,10,10,20,0,20,20,10,10,0,0,0,0,0,0,0,0,0,0,0,30,40,10,10,10,0
0,20,110,10,7,0,0,0,0,0,0,0,0,0,0,0,0,30,0,50,0,10,10,20,0,20,20,10,10,0,0,0,0,0,0,0,0,0,0,0,30,40,10,10,10,0,0,0
110,10,7,0,0,0,0,0,0,0,0,0,0,0,0,30,0,50,0,10,10,20,0,20,20,10,10,0,0,0,0,0,0,0,0,0,0,0,30,40,10,10,10,0,0,0,0,7
10,7,0,0,0,0,0,0,0,0,0,0,0,0,30,0,50,0,10,10,20,0,20,20,10,10,0,0,0,0,0,0,0,0,0,0,0,30,40,10,10,10,0,0,0,0,7,14
7,0,0,0,0,0,0,0,0,0,0,0,0,30,0,50,0,10,10,20,0,20,20,10,10,0,0,0,0,0,0,0,0,0,0,0,30,40,10,10,10,0,0,0,0,7,14,0
0,0,0,0,0,0,0,0,0,0,0,0,30,0,50,0,10,10,20,0,20,20,10,10,0,0,0,0,0,0,0,0,0,0,0,30,40,10,10,10,0,0,0,0,7,14,0,0
0,0,0,0,0,0,0,0,0,0,0,30,0,50,0,10,10,20,0,20,20,10,10,0,0,0,0,0,0,0,0,0,0,0,30,40,10,10,10,0,0,0,0,7,14,0,0,0
0,0,0,0,0,0,0,0,0,0,30,0,50,0,10,10,20,0,20,20,10,10,0,0,0,0,0,0,0,0,0,0,0,30,40,10,10,10,0,0,0,0,7,14,0,0,0,0
0,0,0,0,0,0,0,0,0,30,0,50,0,10,10,20,0,20,20,10,10,0,0,0,0,0,0,0,0,0,0,0,30,40,10,10,10,0,0,0,0,7,14,0,0,0,0,0
0,0,0,0,0,0,0,0,30,0,50,0,10,10,20,0,20,20,10,10,0,0,0,0,0,0,0,0,0,0,0,30,40,10,10,10,0,0,0,0,7,14,0,0,0,0,0,0
0,0,0,0,0,0,0,30,0,50,0,10,10,20,0,20,20,10,10,0,0,0,0,0,0,0,0,0,0,0,30,40,10,10,10,0,0,0,0,7,14,0,0,0,0,0,0,0
0,0,0,0,0,0,30,0,50,0,10,10,20,0,20,20,10,10,0,0,0,0,0,0,0,0,0,0,0,30,40,10,10,10,0,0,0,0,7,14,0,0,0,0,0,0,0,0
0,0,0,0,30,0,50,0,10,10,20,0,20,20,10,10,0,0,0,0,0,0,0,0,0,0,0,30,40,10,10,10,0,0,0,0,7,14,0,0,0,0,0,0,0,0,0,0
0,0,0,30,0,50,0,10,10,20,0,20,20,10,10,0,0,0,0,0,0,0,0,0,0,0,30,40,10,10,10,0,0,0,0,7,14,0,0,0,0,0,0,0,0,0,0,0
0,30,0,50,0,10,10,20,0,20,20,10,10,0,0,0,0,0,0,0,0,0,0,0,30,40,10,10,10,0,0,0,0,7,14,0,0,0,0,0,0,0,0,0,0,0,0,7
30,0,50,0,10,10,20,0,20,20,10,10,0,0,0,0,0,0,0,0,0,0,0,30,40,10,10,10,0,0,0,0,7,14,0,0,0,0,0,0,0,0,0,0,0,0,7,8
0,50,0,10,10,20,0,20,20,10,10,0,0,0,0,0,0,0,0,0,0,0,30,40,10,10,10,0,0,0,0,7,14,0,0,0,0,0,0,0,0,0,0,0,0,7,8,35
0,10,10,20,0,20,20,10,10,0,0,0,0,0,0,0,0,0,0,0,30,40,10,10,10,0,0,0,0,7,14,0,0,0,0,0,0,0,0,0,0,0,0,7,8,35,0,0
10,10,20,0,20,20,10,10,0,0,0,0,0,0,0,0,0,0,0,30,40,10,10,10,0,0,0,0,7,14,0,0,0,0,0,0,0,0,0,0,0,0,7,8,35,0,0,7
10,20,0,20,20,10,10,0,0,0,0,0,0,0,0,0,0,0,30,40,10,10,10,0,0,0,0,7,14,0,0,0,0,0,0,0,0,0,0,0,0,7,8,35,0,0,7,7
20,0,20,20,10,10,0,0,0,0,0,0,0,0,0,0,0,30,40,10,10,10,0,0,0,0,7,14,0,0,0,0,0,0,0,0,0,0,0,0,7,8,35,0,0,7,7,0
0,20,20,10,10,0,0,0,0,0,0,0,0,0,0,0,30,40,10,10,10,0,0,0,0,7,14,0,0,0,0,0,0,0,0,0,0,0,0,7,8,35,0,0,7,7,0,7
10,10,0,0,0,0,0,0,0,0,0,0,0,30,40,10,10,10,0,0,0,0,7,14,0,0,0,0,0,0,0,0,0,0,0,0,7,8,35,0,0,7,7,0,7,0,0,0
10,0,0,0,0,0,0,0,0,0,0,0,30,40,10,10,10,0,0,0,0,7,14,0,0,0,0,0,0,0,0,0,0,0,0,7,8,35,0,0,7,7,0,7,0,0,0,7
0,0,0,0,0,0,0,0,0,0,0,30,40,10,10,10,0,0,0,0,7,14,0,0,0,0,0,0,0,0,0,0,0,0,7,8,35,0,0,7,7,0,7,0,0,0,7,0
0,0,0,0,0,0,0,0,0,0,30,40,10,10,10,0,0,0,0,7,14,0,0,0,0,0,0,0,0,0,0,0,0,7,8,35,0,0,7,7,0,7,0,0,0,7,0,7
0,0,0,0,0,0,0,0,0,30,40,10,10,10,0,0,0,0,7,14,0,0,0,0,0,0,0,0,0,0,0,0,7,8,35,0,0,7,7,0,7,0,0,0,7,0,7,0
0,0,0,0,0,0,0,30,40,10,10,10,0,0,0,0,7,14,0,0,0,0,0,0,0,0,0,0,0,0,7,8,35,0,0,7,7,0,7,0,0,0,7,0,7,0,0,0
0,0,0,0,0,0,30,40,10,10,10,0,0,0,0,7,14,0,0,0,0,0,0,0,0,0,0,0,0,7,8,35,0,0,7,7,0,7,0,0,0,7,0,7,0,0,0,0
0,0,0,0,0,30,40,10,10,10,0,0,0,0,7,14,0,0,0,0,0,0,0,0,0,0,0,0,7,8,35,0,0,7,7,0,7,0,0,0,7,0,7,0,0,0,0,0
0,0,0,30,40,10,10,10,0,0,0,0,7,14,0,0,0,0,0,0,0,0,0,0,0,0,7,8,35,0,0,7,7,0,7,0,0,0,7,0,7,0,0,0,0,0,0,0
0,0,30,40,10,10,10,0,0,0,0,7,14,0,0,0,0,0,0,0,0,0,0,0,0,7,8,35,0,0,7,7,0,7,0,0,0,7,0,7,0,0,0,0,0,0,0,0
0,30,40,10,10,10,0,0,0,0,7,14,0,0,0,0,0,0,0,0,0,0,0,0,7,8,35,0,0,7,7,0,7,0,0,0,7,0,7,0,0,0,0,0,0,0,0,8
30,40,10,10,10,0,0,0,0,7,14,0,0,0,0,0,0,0,0,0,0,0,0,7,8,35,0,0,7,7,0,7,0,0,0,7,0,7,0,0,0,0,0,0,0,0,8,7
40,10,10,10,0,0,0,0,7,14,0,0,0,0,0,0,0,0,0,0,0,0,7,8,35,0,0,7,7,0,7,0,0,0,7,0,7,0,0,0,0,0,0,0,0,8,7,7
10,10,10,0,0,0,0,7,14,0,0,0,0,0,0,0,0,0,0,0,0,7,8,35,0,0,7,7,0,7,0,0,0,7,0,7,0,0,0,0,0,0,0,0,8,7,7,7
10,10,0,0,0,0,7,14,0,0,0,0,0,0,0,0,0,0,0,0,7,8,35,0,0,7,7,0,7,0,0,0,7,0,7,0,0,0,0,0,0,0,0,8,7,7,7,7
0,0,0,7,14,0,0,0,0,0,0,0,0,0,0,0,0,7,8,35,0,0,7,7,0,7,0,0,0,7,0,7,0,0,0,0,0,0,0,0,8,7,7,7,7,29,21,0
0,0,7,14,0,0,0,0,0,0,0,0,0,0,0,0,7,8,35,0,0,7,7,0,7,0,0,0,7,0,7,0,0,0,0,0,0,0,0,8,7,7,7,7,29,21,0,7
0,7,14,0,0,0,0,0,0,0,0,0,0,0,0,7,8,35,0,0,7,7,0,7,0,0,0,7,0,7,0,0,0,0,0,0,0,0,8,7,7,7,7,29,21,0,7,7
7,14,0,0,0,0,0,0,0,0,0,0,0,0,7,8,35,0,0,7,7,0,7,0,0,0,7,0,7,0,0,0,0,0,0,0,0,8,7,7,7,7,29,21,0,7,7,0
14,0,0,0,0,0,0,0,0,0,0,0,0,7,8,35,0,0,7,7,0,7,0,0,0,7,0,7,0,0,0,0,0,0,0,0,8,7,7,7,7,29,21,0,7,7,0,0
0,0,0,0,0,0,0,0,0,0,7,8,35,0,0,7,7,0,7,0,0,0,7,0,7,0,0,0,0,0,0,0,0,8,7,7,7,7,29,21,0,7,7,0,0,7,7,7
0,0,0,0,0,0,0,7,8,35,0,0,7,7,0,7,0,0,0,7,0,7,0,0,0,0,0,0,0,0,8,7,7,7,7,29,21,0,7,7,0,0,7,7,7,0,7,0
0,0,0,0,0,0,7,8,35,0,0,7,7,0,7,0,0,0,7,0,7,0,0,0,0,0,0,0,0,8,7,7,7,7,29,21,0,7,7,0,0,7,7,7,0,7,0,0
0,0,0,0,0,7,8,35,0,0,7,7,0,7,0,0,0,7,0,7,0,0,0,0,0,0,0,0,8,7,7,7,7,29,21,0,7,7,0,0,7,7,7,0,7,0,0,0
0,0,0,0,7,8,35,0,0,7,7,0,7,0,0,0,7,0,7,0,0,0,0,0,0,0,0,8,7,7,7,7,29,21,0,7,7,0,0,7,7,7,0,7,0,0,0,0
0,0,0,7,8,35,0,0,7,7,0,7,0,0,0,7,0,7,0,0,0,0,0,0,0,0,8,7,7,7,7,29,21,0,7,7,0,0,7,7,7,0,7,0,0,0,0,0
7,8,35,0,0,7,7,0,7,0,0,0,7,0,7,0,0,0,0,0,0,0,0,8,7,7,7,7,29,21,0,7,7,0,0,7,7,7,0,7,0,0,0,0,0,0,0,0
8,35,0,0,7,7,0,7,0,0,0,7,0,7,0,0,0,0,0,0,0,0,8,7,7,7,7,29,21,0,7,7,0,0,7,7,7,0,7,0,0,0,0,0,0,0,0,0
35,0,0,7,7,0,7,0,0,0,7,0,7,0,0,0,0,0,0,0,0,8,7,7,7,7,29,21,0,7,7,0,0,7,7,7,0,7,0,0,0,0,0,0,0,0,0,0
0,0,7,7,0,7,0,0,0,7,0,7,0,0,0,0,0,0,0,0,8,7,7,7,7,29,21,0,7,7,0,0,7,7,7,0,7,0,0,0,0,0,0,0,0,0,0,8
0,7,7,0,7,0,0,0,7,0,7,0,0,0,0,0,0,0,0,8,7,7,7,7,29,21,0,7,7,0,0,7,7,7,0,7,0,0,0,0,0,0,0,0,0,0,8,28
7,0,7,0,0,0,7,0,7,0,0,0,0,0,0,0,0,8,7,7,7,7,29,21,0,7,7,0,0,7,7,7,0,7,0,0,0,0,0,0,0,0,0,0,8,28,7,35
0,0,7,0,7,0,0,0,0,0,0,0,0,8,7,7,7,7,29,21,0,7,7,0,0,7,7,7,0,7,0,0,0,0,0,0,0,0,0,0,8,28,7,35,0,7,0,0
0,7,0,7,0,0,0,0,0,0,0,0,8,7,7,7,7,29,21,0,7,7,0,0,7,7,7,0,7,0,0,0,0,0,0,0,0,0,0,8,28,7,35,0,7,0,0,0
7,0,7,0,0,0,0,0,0,0,0,8,7,7,7,7,29,21,0,7,7,0,0,7,7,7,0,7,0,0,0,0,0,0,0,0,0,0,8,28,7,35,0,7,0,0,0,7
0,7,0,0,0,0,0,0,0,0,8,7,7,7,7,29,21,0,7,7,0,0,7,7,7,0,7,0,0,0,0,0,0,0,0,0,0,8,28,7,35,0,7,0,0,0,7,0
0,0,0,0,0,0,0,0,8,7,7,7,7,29,21,0,7,7,0,0,7,7,7,0,7,0,0,0,0,0,0,0,0,0,0,8,28,7,35,0,7,0,0,0,7,0,0,0
0,0,0,0,0,0,0,8,7,7,7,7,29,21,0,7,7,0,0,7,7,7,0,7,0,0,0,0,0,0,0,0,0,0,8,28,7,35,0,7,0,0,0,7,0,0,0,0
0,0,0,0,0,0,8,7,7,7,7,29,21,0,7,7,0,0,7,7,7,0,7,0,0,0,0,0,0,0,0,0,0,8,28,7,35,0,7,0,0,0,7,0,0,0,0,14
0,0,0,0,0,8,7,7,7,7,29,21,0,7,7,0,0,7,7,7,0,7,0,0,0,0,0,0,0,0,0,0,8,28,7,35,0,7,0,0,0,7,0,0,0,0,14,0
0,0,0,0,8,7,7,7,7,29,21,0,7,7,0,0,7,7,7,0,7,0,0,0,0,0,0,0,0,0,0,8,28,7,35,0,7,0,0,0,7,0,0,0,0,14,0,0
0,0,8,7,7,7,7,29,21,0,7,7,0,0,7,7,7,0,7,0,0,0,0,0,0,0,0,0,0,8,28,7,35,0,7,0,0,0,7,0,0,0,0,14,0,0,0,0
0,8,7,7,7,7,29,21,0,7,7,0,0,7,7,7,0,7,0,0,0,0,0,0,0,0,0,0,8,28,7,35,0,7,0,0,0,7,0,0,0,0,14,0,0,0,0,0
8,7,7,7,7,29,21,0,7,7,0,0,7,7,7,0,7,0,0,0,0,0,0,0,0,0,0,8,28,7,35,0,7,0,0,0,7,0,0,0,0,14,0,0,0,0,0,0
7,7,7,7,29,21,0,7,7,0,0,7,7,7,0,7,0,0,0,0,0,0,0,0,0,0,8,28,7,35,0,7,0,0,0,7,0,0,0,0,14,0,0,0,0,0,0,0
7,7,7,29,21,0,7,7,0,0,7,7,7,0,7,0,0,0,0,0,0,0,0,0,0,8,28,7,35,0,7,0,0,0,7,0,0,0,0,14,0,0,0,0,0,0,0,0
29,21,0,7,7,0,0,7,7,7,0,7,0,0,0,0,0,0,0,0,0,0,8,28,7,35,0,7,0,0,0,7,0,0,0,0,14,0,0,0,0,0,0,0,0,0,0,21
21,0,7,7,0,0,7,7,7,0,7,0,0,0,0,0,0,0,0,0,0,8,28,7,35,0,7,0,0,0,7,0,0,0,0,14,0,0,0,0,0,0,0,0,0,0,21,8
0,7,7,0,0,7,7,7,0,7,0,0,0,0,0,0,0,0,0,0,8,28,7,35,0,7,0,0,0,7,0,0,0,0,14,0,0,0,0,0,0,0,0,0,0,21,8,14
7,7,0,0,7,7,7,0,7,0,0,0,0,0,0,0,0,0,0,8,28,7,35,0,7,0,0,0,7,0,0,0,0,14,0,0,0,0,0,0,0,0,0,0,21,8,14,14
0,7,7,7,0,7,0,0,0,0,0,0,0,0,0,0,8,28,7,35,0,7,0,0,0,7,0,0,0,0,14,0,0,0,0,0,0,0,0,0,0,21,8,14,14,14,0,0
7,7,7,0,7,0,0,0,0,0,0,0,0,0,0,8,28,7,35,0,7,0,0,0,7,0,0,0,0,14,0,0,0,0,0,0,0,0,0,0,21,8,14,14,14,0,0,0
7,7,0,7,0,0,0,0,0,0,0,0,0,0,8,28,7,35,0,7,0,0,0,7,0,0,0,0,14,0,0,0,0,0,0,0,0,0,0,21,8,14,14,14,0,0,0,7
7,0,7,0,0,0,0,0,0,0,0,0,0,8,28,7,35,0,7,0,0,0,7,0,0,0,0,14,0,0,0,0,0,0,0,0,0,0,21,8,14,14,14,0,0,0,7,0
0,7,0,0,0,0,0,0,0,0,0,0,8,28,7,35,0,7,0,0,0,7,0,0,0,0,14,0,0,0,0,0,0,0,0,0,0,21,8,14,14,14,0,0,0,7,0,0
7,0,0,0,0,0,0,0,0,0,0,8,28,7,35,0,7,0,0,0,7,0,0,0,0,14,0,0,0,0,0,0,0,0,0,0,21,8,14,14,14,0,0,0,7,0,0,0
0,0,0,0,0,0,0,0,0,8,28,7,35,0,7,0,0,0,7,0,0,0,0,14,0,0,0,0,0,0,0,0,0,0,21,8,14,14,14,0,0,0,7,0,0,0,0,0
0,0,0,0,0,0,0,8,28,7,35,0,7,0,0,0,7,0,0,0,0,14,0,0,0,0,0,0,0,0,0,0,21,8,14,14,14,0,0,0,7,0,0,0,0,0,0,0
0,0,0,0,0,0,8,28,7,35,0,7,0,0,0,7,0,0,0,0,14,0,0,0,0,0,0,0,0,0,0,21,8,14,14,14,0,0,0,7,0,0,0,0,0,0,0,0
0,0,0,0,0,8,28,7,35,0,7,0,0,0,7,0,0,0,0,14,0,0,0,0,0,0,0,0,0,0,21,8,14,14,14,0,0,0,7,0,0,0,0,0,0,0,0,0
0,0,0,0,8,28,7,35,0,7,0,0,0,7,0,0,0,0,14,0,0,0,0,0,0,0,0,0,0,21,8,14,14,14,0,0,0,7,0,0,0,0,0,0,0,0,0,0
0,0,8,28,7,35,0,7,0,0,0,7,0,0,0,0,14,0,0,0,0,0,0,0,0,0,0,21,8,14,14,14,0,0,0,7,0,0,0,0,0,0,0,0,0,0,0,7
0,8,28,7,35,0,7,0,0,0,7,0,0,0,0,14,0,0,0,0,0,0,0,0,0,0,21,8,14,14,14,0,0,0,7,0,0,0,0,0,0,0,0,0,0,0,7,0
8,28,7,35,0,7,0,0,0,7,0,0,0,0,14,0,0,0,0,0,0,0,0,0,0,21,8,14,14,14,0,0,0,7,0,0,0,0,0,0,0,0,0,0,0,7,0,0
28,7,35,0,7,0,0,0,7,0,0,0,0,14,0,0,0,0,0,0,0,0,0,0,21,8,14,14,14,0,0,0,7,0,0,0,0,0,0,0,0,0,0,0,7,0,0,7
7,0,0,0,7,0,0,0,0,14,0,0,0,0,0,0,0,0,0,0,21,8,14,14,14,0,0,0,7,0,0,0,0,0,0,0,0,0,0,0,7,0,0,7,7,14,8,0
0,0,7,0,0,0,0,14,0,0,0,0,0,0,0,0,0,0,21,8,14,14,14,0,0,0,7,0,0,0,0,0,0,0,0,0,0,0,7,0,0,7,7,14,8,0,7,14
0,7,0,0,0,0,14,0,0,0,0,0,0,0,0,0,0,21,8,14,14,14,0,0,0,7,0,0,0,0,0,0,0,0,0,0,0,7,0,0,7,7,14,8,0,7,14,0
7,0,0,0,0,14,0,0,0,0,0,0,0,0,0,0,21,8,14,14,14,0,0,0,7,0,0,0,0,0,0,0,0,0,0,0,7,0,0,7,7,14,8,0,7,14,0,14
0,0,14,0,0,0,0,0,0,0,0,0,0,21,8,14,14,14,0,0,0,7,0,0,0,0,0,0,0,0,0,0,0,7,0,0,7,7,14,8,0,7,14,0,14,0,7,0
0,14,0,0,0,0,0,0,0,0,0,0,21,8,14,14,14,0,0,0,7,0,0,0,0,0,0,0,0,0,0,0,7,0,0,7,7,14,8,0,7,14,0,14,0,7,0,0
0,0,0,0,0,0,0,0,0,0,21,8,14,14,14,0,0,0,7,0,0,0,0,0,0,0,0,0,0,0,7,0,0,7,7,14,8,0,7,14,0,14,0,7,0,0,0,0
0,0,0,0,0,0,0,0,0,21,8,14,14,14,0,0,0,7,0,0,0,0,0,0,0,0,0,0,0,7,0,0,7,7,14,8,0,7,14,0,14,0,7,0,0,0,0,29
0,0,0,0,0,0,0,0,21,8,14,14,14,0,0,0,7,0,0,0,0,0,0,0,0,0,0,0,7,0,0,7,7,14,8,0,7,14,0,14,0,7,0,0,0,0,29,0
0,0,0,0,0,21,8,14,14,14,0,0,0,7,0,0,0,0,0,0,0,0,0,0,0,7,0,0,7,7,14,8,0,7,14,0,14,0,7,0,0,0,0,29,0,0,0,0
0,0,0,21,8,14,14,14,0,0,0,7,0,0,0,0,0,0,0,0,0,0,0,7,0,0,7,7,14,8,0,7,14,0,14,0,7,0,0,0,0,29,0,0,0,0,0,0
0,0,21,8,14,14,14,0,0,0,7,0,0,0,0,0,0,0,0,0,0,0,7,0,0,7,7,14,8,0,7,14,0,14,0,7,0,0,0,0,29,0,0,0,0,0,0,0
8,14,14,14,0,0,0,7,0,0,0,0,0,0,0,0,0,0,0,7,0,0,7,7,14,8,0,7,14,0,14,0,7,0,0,0,0,29,0,0,0,0,0,0,0,0,35,22
14,14,0,0,0,7,0,0,0,0,0,0,0,0,0,0,0,7,0,0,7,7,14,8,0,7,14,0,14,0,7,0,0,0,0,29,0,0,0,0,0,0,0,0,35,22,14,35
14,0,0,0,7,0,0,0,0,0,0,0,0,0,0,0,7,0,0,7,7,14,8,0,7,14,0,14,0,7,0,0,0,0,29,0,0,0,0,0,0,0,0,35,22,14,35,7
0,0,0,7,0,0,0,0,0,0,0,0,0,0,0,7,0,0,7,7,14,8,0,7,14,0,14,0,7,0,0,0,0,29,0,0,0,0,0,0,0,0,35,22,14,35,7,0
0,0,7,0,0,0,0,0,0,0,0,0,0,0,7,0,0,7,7,14,8,0,7,14,0,14,0,7,0,0,0,0,29,0,0,0,0,0,0,0,0,35,22,14,35,7,0,0
0,7,0,0,0,0,0,0,0,0,0,0,0,7,0,0,7,7,14,8,0,7,14,0,14,0,7,0,0,0,0,29,0,0,0,0,0,0,0,0,35,22,14,35,7,0,0,8
7,0,0,0,0,0,0,0,0,0,0,0,7,0,0,7,7,14,8,0,7,14,0,14,0,7,0,0,0,0,29,0,0,0,0,0,0,0,0,35,22,14,35,7,0,0,8,7
0,0,0,0,0,0,0,0,0,0,0,7,0,0,7,7,14,8,0,7,14,0,14,0,7,0,0,0,0,29,0,0,0,0,0,0,0,0,35,22,14,35,7,0,0,8,7,0
0,0,0,0,0,0,0,0,0,0,7,0,0,7,7,14,8,0,7,14,0,14,0,7,0,0,0,0,29,0,0,0,0,0,0,0,0,35,22,14,35,7,0,0,8,7,0,7
0,0,0,0,0,0,0,0,0,7,0,0,7,7,14,8,0,7,14,0,14,0,7,0,0,0,0,29,0,0,0,0,0,0,0,0,35,22,14,35,7,0,0,8,7,0,7,0
0,0,0,0,0,0,7,0,0,7,7,14,8,0,7,14,0,14,0,7,0,0,0,0,29,0,0,0,0,0,0,0,0,35,22,14,35,7,0,0,8,7,0,7,0,0,0,0
0,0,0,0,0,7,0,0,7,7,14,8,0,7,14,0,14,0,7,0,0,0,0,29,0,0,0,0,0,0,0,0,35,22,14,35,7,0,0,8,7,0,7,0,0,0,0,0
0,0,0,0,7,0,0,7,7,14,8,0,7,14,0,14,0,7,0,0,0,0,29,0,0,0,0,0,0,0,0,35,22,14,35,7,0,0,8,7,0,7,0,0,0,0,0,0
0,0,0,7,0,0,7,7,14,8,0,7,14,0,14,0,7,0,0,0,0,29,0,0,0,0,0,0,0,0,35,22,14,35,7,0,0,8,7,0,7,0,0,0,0,0,0,0
0,0,7,0,0,7,7,14,8,0,7,14,0,14,0,7,0,0,0,0,29,0,0,0,0,0,0,0,0,35,22,14,35,7,0,0,8,7,0,7,0,0,0,0,0,0,0,0
0,7,0,0,7,7,14,8,0,7,14,0,14,0,7,0,0,0,0,29,0,0,0,0,0,0,0,0,35,22,14,35,7,0,0,8,7,0,7,0,0,0,0,0,0,0,0,0
7,0,0,7,7,14,8,0,7,14,0,14,0,7,0,0,0,0,29,0,0,0,0,0,0,0,0,35,22,14,35,7,0,0,8,7,0,7,0,0,0,0,0,0,0,0,0,0
0,0,7,7,14,8,0,7,14,0,14,0,7,0,0,0,0,29,0,0,0,0,0,0,0,0,35,22,14,35,7,0,0,8,7,0,7,0,0,0,0,0,0,0,0,0,0,7
0,7,7,14,8,0,7,14,0,14,0,7,0,0,0,0,29,0,0,0,0,0,0,0,0,35,22,14,35,7,0,0,8,7,0,7,0,0,0,0,0,0,0,0,0,0,7,0
7,14,8,0,7,14,0,14,0,7,0,0,0,0,29,0,0,0,0,0,0,0,0,35,22,14,35,7,0,0,8,7,0,7,0,0,0,0,0,0,0,0,0,0,7,0,0,21
14,8,0,7,14,0,14,0,7,0,0,0,0,29,0,0,0,0,0,0,0,0,35,22,14,35,7,0,0,8,7,0,7,0,0,0,0,0,0,0,0,0,0,7,0,0,21,0
7,14,0,14,0,7,0,0,0,0,29,0,0,0,0,0,0,0,0,35,22,14,35,7,0,0,8,7,0,7,0,0,0,0,0,0,0,0,0,0,7,0,0,21,0,7,14,14
14,0,14,0,7,0,0,0,0,29,0,0,0,0,0,0,0,0,35,22,14,35,7,0,0,8,7,0,7,0,0,0,0,0,0,0,0,0,0,7,0,0,21,0,7,14,14,0
0,14,0,7,0,0,0,0,29,0,0,0,0,0,0,0,0,35,22,14,35,7,0,0,8,7,0,7,0,0,0,0,0,0,0,0,0,0,7,0,0,21,0,7,14,14,0,7
14,0,7,0,0,0,0,29,0,0,0,0,0,0,0,0,35,22,14,35,7,0,0,8,7,0,7,0,0,0,0,0,0,0,0,0,0,7,0,0,21,0,7,14,14,0,7,0
0,7,0,0,0,0,29,0,0,0,0,0,0,0,0,35,22,14,35,7,0,0,8,7,0,7,0,0,0,0,0,0,0,0,0,0,7,0,0,21,0,7,14,14,0,7,0,0
0,0,0,0,29,0,0,0,0,0,0,0,0,35,22,14,35,7,0,0,8,7,0,7,0,0,0,0,0,0,0,0,0,0,7,0,0,21,0,7,14,14,0,7,0,0,0,14
0,29,0,0,0,0,0,0,0,0,35,22,14,35,7,0,0,8,7,0,7,0,0,0,0,0,0,0,0,0,0,7,0,0,21,0,7,14,14,0,7,0,0,0,14,7,0,0
29,0,0,0,0,0,0,0,0,35,22,14,35,7,0,0,8,7,0,7,0,0,0,0,0,0,0,0,0,0,7,0,0,21,0,7,14,14,0,7,0,0,0,14,7,0,0,0
0,0,0,0,0,0,0,35,22,14,35,7,0,0,8,7,0,7,0,0,0,0,0,0,0,0,0,0,7,0,0,21,0,7,14,14,0,7,0,0,0,14,7,0,0,0,0,0
0,0,0,0,0,35,22,14,35,7,0,0,8,7,0,7,0,0,0,0,0,0,0,0,0,0,7,0,0,21,0,7,14,14,0,7,0,0,0,14,7,0,0,0,0,0,0,0
0,0,0,0,35,22,14,35,7,0,0,8,7,0,7,0,0,0,0,0,0,0,0,0,0,7,0,0,21,0,7,14,14,0,7,0,0,0,14,7,0,0,0,0,0,0,0,0
0,0,35,22,14,35,7,0,0,8,7,0,7,0,0,0,0,0,0,0,0,0,0,7,0,0,21,0,7,14,14,0,7,0,0,0,14,7,0,0,0,0,0,0,0,0,0,0
0,35,22,14,35,7,0,0,8,7,0,7,0,0,0,0,0,0,0,0,0,0,7,0,0,21,0,7,14,14,0,7,0,0,0,14,7,0,0,0,0,0,0,0,0,0,0,7
35,22,14,35,7,0,0,8,7,0,7,0,0,0,0,0,0,0,0,0,0,7,0,0,21,0,7,14,14,0,7,0,0,0,14,7,0,0,0,0,0,0,0,0,0,0,7,21
14,35,7,0,0,8,7,0,7,0,0,0,0,0,0,0,0,0,0,7,0,0,21,0,7,14,14,0,7,0,0,0,14,7,0,0,0,0,0,0,0,0,0,0,7,21,7,7
35,7,0,0,8,7,0,7,0,0,0,0,0,0,0,0,0,0,7,0,0,21,0,7,14,14,0,7,0,0,0,14,7,0,0,0,0,0,0,0,0,0,0,7,21,7,7,22
7,0,0,8,7,0,7,0,0,0,0,0,0,0,0,0,0,7,0,0,21,0,7,14,14,0,7,0,0,0,14,7,0,0,0,0,0,0,0,0,0,0,7,21,7,7,22,0
0,0,8,7,0,7,0,0,0,0,0,0,0,0,0,0,7,0,0,21,0,7,14,14,0,7,0,0,0,14,7,0,0,0,0,0,0,0,0,0,0,7,21,7,7,22,0,7
0,8,7,0,7,0,0,0,0,0,0,0,0,0,0,7,0,0,21,0,7,14,14,0,7,0,0,0,14,7,0,0,0,0,0,0,0,0,0,0,7,21,7,7,22,0,7,0
8,7,0,7,0,0,0,0,0,0,0,0,0,0,7,0,0,21,0,7,14,14,0,7,0,0,0,14,7,0,0,0,0,0,0,0,0,0,0,7,21,7,7,22,0,7,0,7
7,0,7,0,0,0,0,0,0,0,0,0,0,7,0,0,21,0,7,14,14,0,7,0,0,0,14,7,0,0,0,0,0,0,0,0,0,0,7,21,7,7,22,0,7,0,7,0
7,0,0,0,0,0,0,0,0,0,0,7,0,0,21,0,7,14,14,0,7,0,0,0,14,7,0,0,0,0,0,0,0,0,0,0,7,21,7,7,22,0,7,0,7,0,21,7
0,0,0,0,0,0,0,0,0,0,7,0,0,21,0,7,14,14,0,7,0,0,0,14,7,0,0,0,0,0,0,0,0,0,0,7,21,7,7,22,0,7,0,7,0,21,7,0
0,0,0,0,0,0,0,0,0,7,0,0,21,0,7,14,14,0,7,0,0,0,14,7,0,0,0,0,0,0,0,0,0,0,7,21,7,7,22,0,7,0,7,0,21,7,0,0
0,0,0,0,0,0,0,0,7,0,0,21,0,7,14,14,0,7,0,0,0,14,7,0,0,0,0,0,0,0,0,0,0,7,21,7,7,22,0,7,0,7,0,21,7,0,0,0
0,0,0,0,0,0,7,0,0,21,0,7,14,14,0,7,0,0,0,14,7,0,0,0,0,0,0,0,0,0,0,7,21,7,7,22,0,7,0,7,0,21,7,0,0,0,0,0
0,0,0,0,0,7,0,0,21,0,7,14,14,0,7,0,0,0,14,7,0,0,0,0,0,0,0,0,0,0,7,21,7,7,22,0,7,0,7,0,21,7,0,0,0,0,0,0
0,0,0,0,7,0,0,21,0,7,14,14,0,7,0,0,0,14,7,0,0,0,0,0,0,0,0,0,0,7,21,7,7,22,0,7,0,7,0,21,7,0,0,0,0,0,0,0
0,0,0,7,0,0,21,0,7,14,14,0,7,0,0,0,14,7,0,0,0,0,0,0,0,0,0,0,7,21,7,7,22,0,7,0,7,0,21,7,0,0,0,0,0,0,0,0
0,0,7,0,0,21,0,7,14,14,0,7,0,0,0,14,7,0,0,0,0,0,0,0,0,0,0,7,21,7,7,22,0,7,0,7,0,21,7,0,0,0,0,0,0,0,0,0
0,7,0,0,21,0,7,14,14,0,7,0,0,0,14,7,0,0,0,0,0,0,0,0,0,0,7,21,7,7,22,0,7,0,7,0,21,7,0,0,0,0,0,0,0,0,0,0
7,0,0,21,0,7,14,14,0,7,0,0,0,14,7,0,0,0,0,0,0,0,0,0,0,7,21,7,7,22,0,7,0,7,0,21,7,0,0,0,0,0,0,0,0,0,0,0
0,0,21,0,7,14,14,0,7,0,0,0,14,7,0,0,0,0,0,0,0,0,0,0,7,21,7,7,22,0,7,0,7,0,21,7,0,0,0,0,0,0,0,0,0,0,0,15
0,21,0,7,14,14,0,7,0,0,0,14,7,0,0,0,0,0,0,0,0,0,0,7,21,7,7,22,0,7,0,7,0,21,7,0,0,0,0,0,0,0,0,0,0,0,15,7
0,7,14,14,0,7,0,0,0,14,7,0,0,0,0,0,0,0,0,0,0,7,21,7,7,22,0,7,0,7,0,21,7,0,0,0,0,0,0,0,0,0,0,0,15,7,7,14
7,14,14,0,7,0,0,0,14,7,0,0,0,0,0,0,0,0,0,0,7,21,7,7,22,0,7,0,7,0,21,7,0,0,0,0,0,0,0,0,0,0,0,15,7,7,14,14
14,14,0,7,0,0,0,14,7,0,0,0,0,0,0,0,0,0,0,7,21,7,7,22,0,7,0,7,0,21,7,0,0,0,0,0,0,0,0,0,0,0,15,7,7,14,14,14
14,0,7,0,0,0,14,7,0,0,0,0,0,0,0,0,0,0,7,21,7,7,22,0,7,0,7,0,21,7,0,0,0,0,0,0,0,0,0,0,0,15,7,7,14,14,14,14
7,0,0,0,14,7,0,0,0,0,0,0,0,0,0,0,7,21,7,7,22,0,7,0,7,0,21,7,0,0,0,0,0,0,0,0,0,0,0,15,7,7,14,14,14,14,7,0
0,0,14,7,0,0,0,0,0,0,0,0,0,0,7,21,7,7,22,0,7,0,7,0,21,7,0,0,0,0,0,0,0,0,0,0,0,15,7,7,14,14,14,14,7,0,0,0
7,0,0,0,0,0,0,0,0,0,0,7,21,7,7,22,0,7,0,7,0,21,7,0,0,0,0,0,0,0,0,0,0,0,15,7,7,14,14,14,14,7,0,0,0,0,0,7
0,0,0,0,0,0,0,7,21,7,7,22,0,7,0,7,0,21,7,0,0,0,0,0,0,0,0,0,0,0,15,7,7,14,14,14,14,7,0,0,0,0,0,7,7,0,0,0
0,0,0,0,0,0,7,21,7,7,22,0,7,0,7,0,21,7,0,0,0,0,0,0,0,0,0,0,0,15,7,7,14,14,14,14,7,0,0,0,0,0,7,7,0,0,0,0
0,0,0,0,0,7,21,7,7,22,0,7,0,7,0,21,7,0,0,0,0,0,0,0,0,0,0,0,15,7,7,14,14,14,14,7,0,0,0,0,0,7,7,0,0,0,0,0
0,0,0,0,7,21,7,7,22,0,7,0,7,0,21,7,0,0,0,0,0,0,0,0,0,0,0,15,7,7,14,14,14,14,7,0,0,0,0,0,7,7,0,0,0,0,0,0
0,0,0,7,21,7,7,22,0,7,0,7,0,21,7,0,0,0,0,0,0,0,0,0,0,0,15,7,7,14,14,14,14,7,0,0,0,0,0,7,7,0,0,0,0,0,0,0
0,0,7,21,7,7,22,0,7,0,7,0,21,7,0,0,0,0,0,0,0,0,0,0,0,15,7,7,14,14,14,14,7,0,0,0,0,0,7,7,0,0,0,0,0,0,0,0
0,7,21,7,7,22,0,7,0,7,0,21,7,0,0,0,0,0,0,0,0,0,0,0,15,7,7,14,14,14,14,7,0,0,0,0,0,7,7,0,0,0,0,0,0,0,0,7
7,21,7,7,22,0,7,0,7,0,21,7,0,0,0,0,0,0,0,0,0,0,0,15,7,7,14,14,14,14,7,0,0,0,0,0,7,7,0,0,0,0,0,0,0,0,7,0
21,7,7,22,0,7,0,7,0,21,7,0,0,0,0,0,0,0,0,0,0,0,15,7,7,14,14,14,14,7,0,0,0,0,0,7,7,0,0,0,0,0,0,0,0,7,0,0
7,7,22,0,7,0,7,0,21,7,0,0,0,0,0,0,0,0,0,0,0,15,7,7,14,14,14,14,7,0,0,0,0,0,7,7,0,0,0,0,0,0,0,0,7,0,0,0
22,0,7,0,7,0,21,7,0,0,0,0,0,0,0,0,0,0,0,15,7,7,14,14,14,14,7,0,0,0,0,0,7,7,0,0,0,0,0,0,0,0,7,0,0,0,0,36
0,7,0,7,0,21,7,0,0,0,0,0,0,0,0,0,0,0,15,7,7,14,14,14,14,7,0,0,0,0,0,7,7,0,0,0,0,0,0,0,0,7,0,0,0,0,36,0
7,0,7,0,21,7,0,0,0,0,0,0,0,0,0,0,0,15,7,7,14,14,14,14,7,0,0,0,0,0,7,7,0,0,0,0,0,0,0,0,7,0,0,0,0,36,0,28
0,7,0,21,7,0,0,0,0,0,0,0,0,0,0,0,15,7,7,14,14,14,14,7,0,0,0,0,0,7,7,0,0,0,0,0,0,0,0,7,0,0,0,0,36,0,28,22
7,0,21,7,0,0,0,0,0,0,0,0,0,0,0,15,7,7,14,14,14,14,7,0,0,0,0,0,7,7,0,0,0,0,0,0,0,0,7,0,0,0,0,36,0,28,22,21
0,21,7,0,0,0,0,0,0,0,0,0,0,0,15,7,7,14,14,14,14,7,0,0,0,0,0,7,7,0,0,0,0,0,0,0,0,7,0,0,0,0,36,0,28,22,21,22
21,7,0,0,0,0,0,0,0,0,0,0,0,15,7,7,14,14,14,14,7,0,0,0,0,0,7,7,0,0,0,0,0,0,0,0,7,0,0,0,0,36,0,28,22,21,22,0
7,0,0,0,0,0,0,0,0,0,0,0,15,7,7,14,14,14,14,7,0,0,0,0,0,7,7,0,0,0,0,0,0,0,0,7,0,0,0,0,36,0,28,22,21,22,0,7
0,0,0,0,0,0,0,0,0,0,15,7,7,14,14,14,14,7,0,0,0,0,0,7,7,0,0,0,0,0,0,0,0,7,0,0,0,0,36,0,28,22,21,22,0,7,0,0
0,0,0,0,0,0,0,0,15,7,7,14,14,14,14,7,0,0,0,0,0,7,7,0,0,0,0,0,0,0,0,7,0,0,0,0,36,0,28,22,21,22,0,7,0,0,7,0
0,0,0,0,0,0,0,15,7,7,14,14,14,14,7,0,0,0,0,0,7,7,0,0,0,0,0,0,0,0,7,0,0,0,0,36,0,28,22,21,22,0,7,0,0,7,0,7
0,0,0,0,0,0,15,7,7,14,14,14,14,7,0,0,0,0,0,7,7,0,0,0,0,0,0,0,0,7,0,0,0,0,36,0,28,22,21,22,0,7,0,0,7,0,7,0
0,0,0,0,0,15,7,7,14,14,14,14,7,0,0,0,0,0,7,7,0,0,0,0,0,0,0,0,7,0,0,0,0,36,0,28,22,21,22,0,7,0,0,7,0,7,0,0
0,0,0,0,15,7,7,14,14,14,14,7,0,0,0,0,0,7,7,0,0,0,0,0,0,0,0,7,0,0,0,0,36,0,28,22,21,22,0,7,0,0,7,0,7,0,0,0
15,7,7,14,14,14,14,7,0,0,0,0,0,7,7,0,0,0,0,0,0,0,0,7,0,0,0,0,36,0,28,22,21,22,0,7,0,0,7,0,7,0,0,0,0,0,0,0
7,14,14,14,14,7,0,0,0,0,0,7,7,0,0,0,0,0,0,0,0,7,0,0,0,0,36,0,28,22,21,22,0,7,0,0,7,0,7,0,0,0,0,0,0,0,14,0
14,14,14,14,7,0,0,0,0,0,7,7,0,0,0,0,0,0,0,0,7,0,0,0,0,36,0,28,22,21,22,0,7,0,0,7,0,7,0,0,0,0,0,0,0,14,0,0
14,7,0,0,0,0,0,7,7,0,0,0,0,0,0,0,0,7,0,0,0,0,36,0,28,22,21,22,0,7,0,0,7,0,7,0,0,0,0,0,0,0,14,0,0,15,0,28
7,0,0,0,0,0,7,7,0,0,0,0,0,0,0,0,7,0,0,0,0,36,0,28,22,21,22,0,7,0,0,7,0,7,0,0,0,0,0,0,0,14,0,0,15,0,28,28
0,0,0,0,0,7,7,0,0,0,0,0,0,0,0,7,0,0,0,0,36,0,28,22,21,22,0,7,0,0,7,0,7,0,0,0,0,0,0,0,14,0,0,15,0,28,28,22
0,0,0,0,7,7,0,0,0,0,0,0,0,0,7,0,0,0,0,36,0,28,22,21,22,0,7,0,0,7,0,7,0,0,0,0,0,0,0,14,0,0,15,0,28,28,22,14
0,0,0,7,7,0,0,0,0,0,0,0,0,7,0,0,0,0,36,0,28,22,21,22,0,7,0,0,7,0,7,0,0,0,0,0,0,0,14,0,0,15,0,28,28,22,14,14
0,7,7,0,0,0,0,0,0,0,0,7,0,0,0,0,36,0,28,22,21,22,0,7,0,0,7,0,7,0,0,0,0,0,0,0,14,0,0,15,0,28,28,22,14,14,0,0
0,0,0,0,0,0,0,0,7,0,0,0,0,36,0,28,22,21,22,0,7,0,0,7,0,7,0,0,0,0,0,0,0,14,0,0,15,0,28,28,22,14,14,0,0,0,0,14
0,0,0,0,0,0,0,7,0,0,0,0,36,0,28,22,21,22,0,7,0,0,7,0,7,0,0,0,0,0,0,0,14,0,0,15,0,28,28,22,14,14,0,0,0,0,14,0
0,0,0,0,0,7,0,0,0,0,36,0,28,22,21,22,0,7,0,0,7,0,7,0,0,0,0,0,0,0,14,0,0,15,0,28,28,22,14,14,0,0,0,0,14,0,0,0
0,0,7,0,0,0,0,36,0,28,22,21,22,0,7,0,0,7,0,7,0,0,0,0,0,0,0,14,0,0,15,0,28,28,22,14,14,0,0,0,0,14,0,0,0,0,0,0
7,0,0,0,0,36,0,28,22,21,22,0,7,0,0,7,0,7,0,0,0,0,0,0,0,14,0,0,15,0,28,28,22,14,14,0,0,0,0,14,0,0,0,0,0,0,0,0
0,0,0,0,36,0,28,22,21,22,0,7,0,0,7,0,7,0,0,0,0,0,0,0,14,0,0,15,0,28,28,22,14,14,0,0,0,0,14,0,0,0,0,0,0,0,0,0
0,0,0,36,0,28,22,21,22,0,7,0,0,7,0,7,0,0,0,0,0,0,0,14,0,0,15,0,28,28,22,14,14,0,0,0,0,14,0,0,0,0,0,0,0,0,0,0
36,0,28,22,21,22,0,7,0,0,7,0,7,0,0,0,0,0,0,0,14,0,0,15,0,28,28,22,14,14,0,0,0,0,14,0,0,0,0,0,0,0,0,0,0,0,0,14
0,28,22,21,22,0,7,0,0,7,0,7,0,0,0,0,0,0,0,14,0,0,15,0,28,28,22,14,14,0,0,0,0,14,0,0,0,0,0,0,0,0,0,0,0,0,14,14
28,22,21,22,0,7,0,0,7,0,7,0,0,0,0,0,0,0,14,0,0,15,0,28,28,22,14,14,0,0,0,0,14,0,0,0,0,0,0,0,0,0,0,0,0,14,14,14
22,21,22,0,7,0,0,7,0,7,0,0,0,0,0,0,0,14,0,0,15,0,28,28,22,14,14,0,0,0,0,14,0,0,0,0,0,0,0,0,0,0,0,0,14,14,14,22
21,22,0,7,0,0,7,0,7,0,0,0,0,0,0,0,14,0,0,15,0,28,28,22,14,14,0,0,0,0,14,0,0,0,0,0,0,0,0,0,0,0,0,14,14,14,22,0
7,0,0,7,0,7,0,0,0,0,0,0,0,14,0,0,15,0,28,28,22,14,14,0,0,0,0,14,0,0,0,0,0,0,0,0,0,0,0,0,14,14,14,22,0,14,7,7
0,0,7,0,7,0,0,0,0,0,0,0,14,0,0,15,0,28,28,22,14,14,0,0,0,0,14,0,0,0,0,0,0,0,0,0,0,0,0,14,14,14,22,0,14,7,7,7
0,7,0,7,0,0,0,0,0,0,0,14,0,0,15,0,28,28,22,14,14,0,0,0,0,14,0,0,0,0,0,0,0,0,0,0,0,0,14,14,14,22,0,14,7,7,7,0
0,7,0,0,0,0,0,0,0,14,0,0,15,0,28,28,22,14,14,0,0,0,0,14,0,0,0,0,0,0,0,0,0,0,0,0,14,14,14,22,0,14,7,7,7,0,0,92
7,0,0,0,0,0,0,0,14,0,0,15,0,28,28,22,14,14,0,0,0,0,14,0,0,0,0,0,0,0,0,0,0,0,0,14,14,14,22,0,14,7,7,7,0,0,92,0
0,0,0,0,0,0,0,14,0,0,15,0,28,28,22,14,14,0,0,0,0,14,0,0,0,0,0,0,0,0,0,0,0,0,14,14,14,22,0,14,7,7,7,0,0,92,0,0
0,0,0,14,0,0,15,0,28,28,22,14,14,0,0,0,0,14,0,0,0,0,0,0,0,0,0,0,0,0,14,14,14,22,0,14,7,7,7,0,0,92,0,0,0,0,0,0
0,0,14,0,0,15,0,28,28,22,14,14,0,0,0,0,14,0,0,0,0,0,0,0,0,0,0,0,0,14,14,14,22,0,14,7,7,7,0,0,92,0,0,0,0,0,0,0
14,0,0,15,0,28,28,22,14,14,0,0,0,0,14,0,0,0,0,0,0,0,0,0,0,0,0,14,14,14,22,0,14,7,7,7,0,0,92,0,0,0,0,0,0,0,0,0
0,0,15,0,28,28,22,14,14,0,0,0,0,14,0,0,0,0,0,0,0,0,0,0,0,0,14,14,14,22,0,14,7,7,7,0,0,92,0,0,0,0,0,0,0,0,0,7
0,15,0,28,28,22,14,14,0,0,0,0,14,0,0,0,0,0,0,0,0,0,0,0,0,14,14,14,22,0,14,7,7,7,0,0,92,0,0,0,0,0,0,0,0,0,7,14
15,0,28,28,22,14,14,0,0,0,0,14,0,0,0,0,0,0,0,0,0,0,0,0,14,14,14,22,0,14,7,7,7,0,0,92,0,0,0,0,0,0,0,0,0,7,14,0
22,14,14,0,0,0,0,14,0,0,0,0,0,0,0,0,0,0,0,0,14,14,14,22,0,14,7,7,7,0,0,92,0,0,0,0,0,0,0,0,0,7,14,0,14,43,14,7
14,14,0,0,0,0,14,0,0,0,0,0,0,0,0,0,0,0,0,14,14,14,22,0,14,7,7,7,0,0,92,0,0,0,0,0,0,0,0,0,7,14,0,14,43,14,7,0
0,0,0,0,14,0,0,0,0,0,0,0,0,0,0,0,0,14,14,14,22,0,14,7,7,7,0,0,92,0,0,0,0,0,0,0,0,0,7,14,0,14,43,14,7,0,14,0
0,0,0,14,0,0,0,0,0,0,0,0,0,0,0,0,14,14,14,22,0,14,7,7,7,0,0,92,0,0,0,0,0,0,0,0,0,7,14,0,14,43,14,7,0,14,0,0
0,14,0,0,0,0,0,0,0,0,0,0,0,0,14,14,14,22,0,14,7,7,7,0,0,92,0,0,0,0,0,0,0,0,0,7,14,0,14,43,14,7,0,14,0,0,7,0
14,0,0,0,0,0,0,0,0,0,0,0,0,14,14,14,22,0,14,7,7,7,0,0,92,0,0,0,0,0,0,0,0,0,7,14,0,14,43,14,7,0,14,0,0,7,0,7
0,0,0,0,0,0,0,0,0,0,0,0,14,14,14,22,0,14,7,7,7,0,0,92,0,0,0,0,0,0,0,0,0,7,14,0,14,43,14,7,0,14,0,0,7,0,7,0
0,0,0,0,0,0,0,0,0,0,0,14,14,14,22,0,14,7,7,7,0,0,92,0,0,0,0,0,0,0,0,0,7,14,0,14,43,14,7,0,14,0,0,7,0,7,0,0
0,0,0,0,0,0,0,0,0,0,14,14,14,22,0,14,7,7,7,0,0,92,0,0,0,0,0,0,0,0,0,7,14,0,14,43,14,7,0,14,0,0,7,0,7,0,0,0
0,0,0,0,0,0,0,0,0,14,14,14,22,0,14,7,7,7,0,0,92,0,0,0,0,0,0,0,0,0,7,14,0,14,43,14,7,0,14,0,0,7,0,7,0,0,0,0
0,0,0,0,0,0,0,0,14,14,14,22,0,14,7,7,7,0,0,92,0,0,0,0,0,0,0,0,0,7,14,0,14,43,14,7,0,14,0,0,7,0,7,0,0,0,0,0
0,0,0,0,0,0,0,14,14,14,22,0,14,7,7,7,0,0,92,0,0,0,0,0,0,0,0,0,7,14,0,14,43,14,7,0,14,0,0,7,0,7,0,0,0,0,0,0
0,0,0,0,0,14,14,14,22,0,14,7,7,7,0,0,92,0,0,0,0,0,0,0,0,0,7,14,0,14,43,14,7,0,14,0,0,7,0,7,0,0,0,0,0,0,0,0
0,0,0,0,14,14,14,22,0,14,7,7,7,0,0,92,0,0,0,0,0,0,0,0,0,7,14,0,14,43,14,7,0,14,0,0,7,0,7,0,0,0,0,0,0,0,0,0
0,0,0,14,14,14,22,0,14,7,7,7,0,0,92,0,0,0,0,0,0,0,0,0,7,14,0,14,43,14,7,0,14,0,0,7,0,7,0,0,0,0,0,0,0,0,0,0
0,0,14,14,14,22,0,14,7,7,7,0,0,92,0,0,0,0,0,0,0,0,0,7,14,0,14,43,14,7,0,14,0,0,7,0,7,0,0,0,0,0,0,0,0,0,0,7
0,14,14,14,22,0,14,7,7,7,0,0,92,0,0,0,0,0,0,0,0,0,7,14,0,14,43,14,7,0,14,0,0,7,0,7,0,0,0,0,0,0,0,0,0,0,7,0
14,14,22,0,14,7,7,7,0,0,92,0,0,0,0,0,0,0,0,0,7,14,0,14,43,14,7,0,14,0,0,7,0,7,0,0,0,0,0,0,0,0,0,0,7,0,0,28
0,14,7,7,7,0,0,92,0,0,0,0,0,0,0,0,0,7,14,0,14,43,14,7,0,14,0,0,7,0,7,0,0,0,0,0,0,0,0,0,0,7,0,0,28,15,50,0
14,7,7,7,0,0,92,0,0,0,0,0,0,0,0,0,7,14,0,14,43,14,7,0,14,0,0,7,0,7,0,0,0,0,0,0,0,0,0,0,7,0,0,28,15,50,0,0
7,7,7,0,0,92,0,0,0,0,0,0,0,0,0,7,14,0,14,43,14,7,0,14,0,0,7,0,7,0,0,0,0,0,0,0,0,0,0,7,0,0,28,15,50,0,0,0
7,7,0,0,92,0,0,0,0,0,0,0,0,0,7,14,0,14,43,14,7,0,14,0,0,7,0,7,0,0,0,0,0,0,0,0,0,0,7,0,0,28,15,50,0,0,0,7
7,0,0,92,0,0,0,0,0,0,0,0,0,7,14,0,14,43,14,7,0,14,0,0,7,0,7,0,0,0,0,0,0,0,0,0,0,7,0,0,28,15,50,0,0,0,7,21
0,0,92,0,0,0,0,0,0,0,0,0,7,14,0,14,43,14,7,0,14,0,0,7,0,7,0,0,0,0,0,0,0,0,0,0,7,0,0,28,15,50,0,0,0,7,21,14
0,92,0,0,0,0,0,0,0,0,0,7,14,0,14,43,14,7,0,14,0,0,7,0,7,0,0,0,0,0,0,0,0,0,0,7,0,0,28,15,50,0,0,0,7,21,14,8
92,0,0,0,0,0,0,0,0,0,7,14,0,14,43,14,7,0,14,0,0,7,0,7,0,0,0,0,0,0,0,0,0,0,7,0,0,28,15,50,0,0,0,7,21,14,8,14
0,0,0,0,0,0,0,0,0,7,14,0,14,43,14,7,0,14,0,0,7,0,7,0,0,0,0,0,0,0,0,0,0,7,0,0,28,15,50,0,0,0,7,21,14,8,14,14
0,0,0,0,0,0,0,0,7,14,0,14,43,14,7,0,14,0,0,7,0,7,0,0,0,0,0,0,0,0,0,0,7,0,0,28,15,50,0,0,0,7,21,14,8,14,14,7
0,0,0,0,0,0,7,14,0,14,43,14,7,0,14,0,0,7,0,7,0,0,0,0,0,0,0,0,0,0,7,0,0,28,15,50,0,0,0,7,21,14,8,14,14,7,0,0
0,0,0,0,0,7,14,0,14,43,14,7,0,14,0,0,7,0,7,0,0,0,0,0,0,0,0,0,0,7,0,0,28,15,50,0,0,0,7,21,14,8,14,14,7,0,0,0
0,7,14,0,14,43,14,7,0,14,0,0,7,0,7,0,0,0,0,0,0,0,0,0,0,7,0,0,28,15,50,0,0,0,7,21,14,8,14,14,7,0,0,0,14,0,0,0
14,0,14,43,14,7,0,14,0,0,7,0,7,0,0,0,0,0,0,0,0,0,0,7,0,0,28,15,50,0,0,0,7,21,14,8,14,14,7,0,0,0,14,0,0,0,0,7
14,43,14,7,0,14,0,0,7,0,7,0,0,0,0,0,0,0,0,0,0,7,0,0,28,15,50,0,0,0,7,21,14,8,14,14,7,0,0,0,14,0,0,0,0,7,7,22
43,14,7,0,14,0,0,7,0,7,0,0,0,0,0,0,0,0,0,0,7,0,0,28,15,50,0,0,0,7,21,14,8,14,14,7,0,0,0,14,0,0,0,0,7,7,22,14
14,7,0,14,0,0,7,0,7,0,0,0,0,0,0,0,0,0,0,7,0,0,28,15,50,0,0,0,7,21,14,8,14,14,7,0,0,0,14,0,0,0,0,7,7,22,14,0
7,0,14,0,0,7,0,7,0,0,0,0,0,0,0,0,0,0,7,0,0,28,15,50,0,0,0,7,21,14,8,14,14,7,0,0,0,14,0,0,0,0,7,7,22,14,0,14
0,14,0,0,7,0,7,0,0,0,0,0,0,0,0,0,0,7,0,0,28,15,50,0,0,0,7,21,14,8,14,14,7,0,0,0,14,0,0,0,0,7,7,22,14,0,14,21
0,7,0,7,0,0,0,0,0,0,0,0,0,0,7,0,0,28,15,50,0,0,0,7,21,14,8,14,14,7,0,0,0,14,0,0,0,0,7,7,22,14,0,14,21,7,8,0
7,0,7,0,0,0,0,0,0,0,0,0,0,7,0,0,28,15,50,0,0,0,7,21,14,8,14,14,7,0,0,0,14,0,0,0,0,7,7,22,14,0,14,21,7,8,0,7
7,0,0,0,0,0,0,0,0,0,0,7,0,0,28,15,50,0,0,0,7,21,14,8,14,14,7,0,0,0,14,0,0,0,0,7,7,22,14,0,14,21,7,8,0,7,0,7
0,0,0,0,0,0,0,0,0,0,7,0,0,28,15,50,0,0,0,7,21,14,8,14,14,7,0,0,0,14,0,0,0,0,7,7,22,14,0,14,21,7,8,0,7,0,7,0
0,0,0,0,0,0,0,0,0,7,0,0,28,15,50,0,0,0,7,21,14,8,14,14,7,0,0,0,14,0,0,0,0,7,7,22,14,0,14,21,7,8,0,7,0,7,0,0
0,0,0,0,0,0,7,0,0,28,15,50,0,0,0,7,21,14,8,14,14,7,0,0,0,14,0,0,0,0,7,7,22,14,0,14,21,7,8,0,7,0,7,0,0,14,0,0
0,0,0,0,0,7,0,0,28,15,50,0,0,0,7,21,14,8,14,14,7,0,0,0,14,0,0,0,0,7,7,22,14,0,14,21,7,8,0,7,0,7,0,0,14,0,0,0
0,0,7,0,0,28,15,50,0,0,0,7,21,14,8,14,14,7,0,0,0,14,0,0,0,0,7,7,22,14,0,14,21,7,8,0,7,0,7,0,0,14,0,0,0,0,0,0
0,7,0,0,28,15,50,0,0,0,7,21,14,8,14,14,7,0,0,0,14,0,0,0,0,7,7,22,14,0,14,21,7,8,0,7,0,7,0,0,14,0,0,0,0,0,0,0
7,0,0,28,15,50,0,0,0,7,21,14,8,14,14,7,0,0,0,14,0,0,0,0,7,7,22,14,0,14,21,7,8,0,7,0,7,0,0,14,0,0,0,0,0,0,0,7
15,50,0,0,0,7,21,14,8,14,14,7,0,0,0,14,0,0,0,0,7,7,22,14,0,14,21,7,8,0,7,0,7,0,0,14,0,0,0,0,0,0,0,7,0,7,7,28
0,0,0,7,21,14,8,14,14,7,0,0,0,14,0,0,0,0,7,7,22,14,0,14,21,7,8,0,7,0,7,0,0,14,0,0,0,0,0,0,0,7,0,7,7,28,85,0
0,0,7,21,14,8,14,14,7,0,0,0,14,0,0,0,0,7,7,22,14,0,14,21,7,8,0,7,0,7,0,0,14,0,0,0,0,0,0,0,7,0,7,7,28,85,0,0
21,14,8,14,14,7,0,0,0,14,0,0,0,0,7,7,22,14,0,14,21,7,8,0,7,0,7,0,0,14,0,0,0,0,0,0,0,7,0,7,7,28,85,0,0,7,0,0
14,8,14,14,7,0,0,0,14,0,0,0,0,7,7,22,14,0,14,21,7,8,0,7,0,7,0,0,14,0,0,0,0,0,0,0,7,0,7,7,28,85,0,0,7,0,0,0
8,14,14,7,0,0,0,14,0,0,0,0,7,7,22,14,0,14,21,7,8,0,7,0,7,0,0,14,0,0,0,0,0,0,0,7,0,7,7,28,85,0,0,7,0,0,0,0
14,14,7,0,0,0,14,0,0,0,0,7,7,22,14,0,14,21,7,8,0,7,0,7,0,0,14,0,0,0,0,0,0,0,7,0,7,7,28,85,0,0,7,0,0,0,0,0
14,7,0,0,0,14,0,0,0,0,7,7,22,14,0,14,21,7,8,0,7,0,7,0,0,14,0,0,0,0,0,0,0,7,0,7,7,28,85,0,0,7,0,0,0,0,0,7
7,0,0,0,14,0,0,0,0,7,7,22,14,0,14,21,7,8,0,7,0,7,0,0,14,0,0,0,0,0,0,0,7,0,7,7,28,85,0,0,7,0,0,0,0,0,7,0
0,0,0,14,0,0,0,0,7,7,22,14,0,14,21,7,8,0,7,0,7,0,0,14,0,0,0,0,0,0,0,7,0,7,7,28,85,0,0,7,0,0,0,0,0,7,0,0
0,0,14,0,0,0,0,7,7,22,14,0,14,21,7,8,0,7,0,7,0,0,14,0,0,0,0,0,0,0,7,0,7,7,28,85,0,0,7,0,0,0,0,0,7,0,0,0
0,14,0,0,0,0,7,7,22,14,0,14,21,7,8,0,7,0,7,0,0,14,0,0,0,0,0,0,0,7,0,7,7,28,85,0,0,7,0,0,0,0,0,7,0,0,0,0
14,0,0,0,0,7,7,22,14,0,14,21,7,8,0,7,0,7,0,0,14,0,0,0,0,0,0,0,7,0,7,7,28,85,0,0,7,0,0,0,0,0,7,0,0,0,0,0
0,0,0,0,7,7,22,14,0,14,21,7,8,0,7,0,7,0,0,14,0,0,0,0,0,0,0,7,0,7,7,28,85,0,0,7,0,0,0,0,0,7,0,0,0,0,0,0
0,0,0,7,7,22,14,0,14,21,7,8,0,7,0,7,0,0,14,0,0,0,0,0,0,0,7,0,7,7,28,85,0,0,7,0,0,0,0,0,7,0,0,0,0,0,0,0
0,0,7,7,22,14,0,14,21,7,8,0,7,0,7,0,0,14,0,0,0,0,0,0,0,7,0,7,7,28,85,0,0,7,0,0,0,0,0,7,0,0,0,0,0,0,0,0
0,7,7,22,14,0,14,21,7,8,0,7,0,7,0,0,14,0,0,0,0,0,0,0,7,0,7,7,28,85,0,0,7,0,0,0,0,0,7,0,0,0,0,0,0,0,0,0
7,7,22,14,0,14,21,7,8,0,7,0,7,0,0,14,0,0,0,0,0,0,0,7,0,7,7,28,85,0,0,7,0,0,0,0,0,7,0,0,0,0,0,0,0,0,0,0
22,14,0,14,21,7,8,0,7,0,7,0,0,14,0,0,0,0,0,0,0,7,0,7,7,28,85,0,0,7,0,0,0,0,0,7,0,0,0,0,0,0,0,0,0,0,0,0
0,14,21,7,8,0,7,0,7,0,0,14,0,0,0,0,0,0,0,7,0,7,7,28,85,0,0,7,0,0,0,0,0,7,0,0,0,0,0,0,0,0,0,0,0,0,0,21
14,21,7,8,0,7,0,7,0,0,14,0,0,0,0,0,0,0,7,0,7,7,28,85,0,0,7,0,0,0,0,0,7,0,0,0,0,0,0,0,0,0,0,0,0,0,21,0
21,7,8,0,7,0,7,0,0,14,0,0,0,0,0,0,0,7,0,7,7,28,85,0,0,7,0,0,0,0,0,7,0,0,0,0,0,0,0,0,0,0,0,0,0,21,0,0
8,0,7,0,7,0,0,14,0,0,0,0,0,0,0,7,0,7,7,28,85,0,0,7,0,0,0,0,0,7,0,0,0,0,0,0,0,0,0,0,0,0,0,21,0,0,29,7
0,7,0,7,0,0,14,0,0,0,0,0,0,0,7,0,7,7,28,85,0,0,7,0,0,0,0,0,7,0,0,0,0,0,0,0,0,0,0,0,0,0,21,0,0,29,7,0
0,7,0,0,14,0,0,0,0,0,0,0,7,0,7,7,28,85,0,0,7,0,0,0,0,0,7,0,0,0,0,0,0,0,0,0,0,0,0,0,21,0,0,29,7,0,0,7
0,14,0,0,0,0,0,0,0,7,0,7,7,28,85,0,0,7,0,0,0,0,0,7,0,0,0,0,0,0,0,0,0,0,0,0,0,21,0,0,29,7,0,0,7,0,0,0
14,0,0,0,0,0,0,0,7,0,7,7,28,85,0,0,7,0,0,0,0,0,7,0,0,0,0,0,0,0,0,0,0,0,0,0,21,0,0,29,7,0,0,7,0,0,0,7
0,0,0,0,0,0,0,7,0,7,7,28,85,0,0,7,0,0,0,0,0,7,0,0,0,0,0,0,0,0,0,0,0,0,0,21,0,0,29,7,0,0,7,0,0,0,7,7
0,0,0,0,0,0,7,0,7,7,28,85,0,0,7,0,0,0,0,0,7,0,0,0,0,0,0,0,0,0,0,0,0,0,21,0,0,29,7,0,0,7,0,0,0,7,7,0
0,0,0,0,0,7,0,7,7,28,85,0,0,7,0,0,0,0,0,7,0,0,0,0,0,0,0,0,0,0,0,0,0,21,0,0,29,7,0,0,7,0,0,0,7,7,0,0
0,0,0,0,7,0,7,7,28,85,0,0,7,0,0,0,0,0,7,0,0,0,0,0,0,0,0,0,0,0,0,0,21,0,0,29,7,0,0,7,0,0,0,7,7,0,0,0
0,0,0,7,0,7,7,28,85,0,0,7,0,0,0,0,0,7,0,0,0,0,0,0,0,0,0,0,0,0,0,21,0,0,29,7,0,0,7,0,0,0,7,7,0,0,0,0
0,0,7,0,7,7,28,85,0,0,7,0,0,0,0,0,7,0,0,0,0,0,0,0,0,0,0,0,0,0,21,0,0,29,7,0,0,7,0,0,0,7,7,0,0,0,0,0
0,7,0,7,7,28,85,0,0,7,0,0,0,0,0,7,0,0,0,0,0,0,0,0,0,0,0,0,0,21,0,0,29,7,0,0,7,0,0,0,7,7,0,0,0,0,0,0
7,0,7,7,28,85,0,0,7,0,0,0,0,0,7,0,0,0,0,0,0,0,0,0,0,0,0,0,21,0,0,29,7,0,0,7,0,0,0,7,7,0,0,0,0,0,0,0
0,7,7,28,85,0,0,7,0,0,0,0,0,7,0,0,0,0,0,0,0,0,0,0,0,0,0,21,0,0,29,7,0,0,7,0,0,0,7,7,0,0,0,0,0,0,0,0
7,7,28,85,0,0,7,0,0,0,0,0,7,0,0,0,0,0,0,0,0,0,0,0,0,0,21,0,0,29,7,0,0,7,0,0,0,7,7,0,0,0,0,0,0,0,0,0
7,28,85,0,0,7,0,0,0,0,0,7,0,0,0,0,0,0,0,0,0,0,0,0,0,21,0,0,29,7,0,0,7,0,0,0,7,7,0,0,0,0,0,0,0,0,0,0
85,0,0,7,0,0,0,0,0,7,0,0,0,0,0,0,0,0,0,0,0,0,0,21,0,0,29,7,0,0,7,0,0,0,7,7,0,0,0,0,0,0,0,0,0,0,0,0
0,0,7,0,0,0,0,0,7,0,0,0,0,0,0,0,0,0,0,0,0,0,21,0,0,29,7,0,0,7,0,0,0,7,7,0,0,0,0,0,0,0,0,0,0,0,0,15
0,7,0,0,0,0,0,7,0,0,0,0,0,0,0,0,0,0,0,0,0,21,0,0,29,7,0,0,7,0,0,0,7,7,0,0,0,0,0,0,0,0,0,0,0,0,15,14
7,0,0,0,0,0,7,0,0,0,0,0,0,0,0,0,0,0,0,0,21,0,0,29,7,0,0,7,0,0,0,7,7,0,0,0,0,0,0,0,0,0,0,0,0,15,14,14
0,0,0,0,7,0,0,0,0,0,0,0,0,0,0,0,0,0,21,0,0,29,7,0,0,7,0,0,0,7,7,0,0,0,0,0,0,0,0,0,0,0,0,15,14,14,7,0
0,0,0,7,0,0,0,0,0,0,0,0,0,0,0,0,0,21,0,0,29,7,0,0,7,0,0,0,7,7,0,0,0,0,0,0,0,0,0,0,0,0,15,14,14,7,0,0
0,0,7,0,0,0,0,0,0,0,0,0,0,0,0,0,21,0,0,29,7,0,0,7,0,0,0,7,7,0,0,0,0,0,0,0,0,0,0,0,0,15,14,14,7,0,0,0
7,0,0,0,0,0,0,0,0,0,0,0,0,0,21,0,0,29,7,0,0,7,0,0,0,7,7,0,0,0,0,0,0,0,0,0,0,0,0,15,14,14,7,0,0,0,7,0
0,0,0,0,0,0,0,0,0,0,0,0,21,0,0,29,7,0,0,7,0,0,0,7,7,0,0,0,0,0,0,0,0,0,0,0,0,15,14,14,7,0,0,0,7,0,0,0
0,0,0,0,0,0,0,0,0,21,0,0,29,7,0,0,7,0,0,0,7,7,0,0,0,0,0,0,0,0,0,0,0,0,15,14,14,7,0,0,0,7,0,0,0,0,0,0
0,0,0,0,0,0,0,21,0,0,29,7,0,0,7,0,0,0,7,7,0,0,0,0,0,0,0,0,0,0,0,0,15,14,14,7,0,0,0,7,0,0,0,0,0,0,7,0
0,0,0,0,0,0,21,0,0,29,7,0,0,7,0,0,0,7,7,0,0,0,0,0,0,0,0,0,0,0,0,15,14,14,7,0,0,0,7,0,0,0,0,0,0,7,0,0
0,0,0,0,0,21,0,0,29,7,0,0,7,0,0,0,7,7,0,0,0,0,0,0,0,0,0,0,0,0,15,14,14,7,0,0,0,7,0,0,0,0,0,0,7,0,0,0
0,0,0,21,0,0,29,7,0,0,7,0,0,0,7,7,0,0,0,0,0,0,0,0,0,0,0,0,15,14,14,7,0,0,0,7,0,0,0,0,0,0,7,0,0,0,0,0
0,21,0,0,29,7,0,0,7,0,0,0,7,7,0,0,0,0,0,0,0,0,0,0,0,0,15,14,14,7,0,0,0,7,0,0,0,0,0,0,7,0,0,0,0,0,0,0
0,29,7,0,0,7,0,0,0,7,7,0,0,0,0,0,0,0,0,0,0,0,0,15,14,14,7,0,0,0,7,0,0,0,0,0,0,7,0,0,0,0,0,0,0,7,7,22
7,0,0,7,0,0,0,7,7,0,0,0,0,0,0,0,0,0,0,0,0,15,14,14,7,0,0,0,7,0,0,0,0,0,0,7,0,0,0,0,0,0,0,7,7,22,21,36
0,7,0,0,0,7,7,0,0,0,0,0,0,0,0,0,0,0,0,15,14,14,7,0,0,0,7,0,0,0,0,0,0,7,0,0,0,0,0,0,0,7,7,22,21,36,7,0
7,0,0,0,7,7,0,0,0,0,0,0,0,0,0,0,0,0,15,14,14,7,0,0,0,7,0,0,0,0,0,0,7,0,0,0,0,0,0,0,7,7,22,21,36,7,0,35
0,0,0,7,7,0,0,0,0,0,0,0,0,0,0,0,0,15,14,14,7,0,0,0,7,0,0,0,0,0,0,7,0,0,0,0,0,0,0,7,7,22,21,36,7,0,35,0
0,0,7,7,0,0,0,0,0,0,0,0,0,0,0,0,15,14,14,7,0,0,0,7,0,0,0,0,0,0,7,0,0,0,0,0,0,0,7,7,22,21,36,7,0,35,0,8
0,7,7,0,0,0,0,0,0,0,0,0,0,0,0,15,14,14,7,0,0,0,7,0,0,0,0,0,0,7,0,0,0,0,0,0,0,7,7,22,21,36,7,0,35,0,8,7
7,7,0,0,0,0,0,0,0,0,0,0,0,0,15,14,14,7,0,0,0,7,0,0,0,0,0,0,7,0,0,0,0,0,0,0,7,7,22,21,36,7,0,35,0,8,7,7
7,0,0,0,0,0,0,0,0,0,0,0,0,15,14,14,7,0,0,0,7,0,0,0,0,0,0,7,0,0,0,0,0,0,0,7,7,22,21,36,7,0,35,0,8,7,7,7
0,0,0,0,0,0,0,0,0,0,0,0,15,14,14,7,0,0,0,7,0,0,0,0,0,0,7,0,0,0,0,0,0,0,7,7,22,21,36,7,0,35,0,8,7,7,7,0
0,0,0,0,0,0,0,0,0,0,0,15,14,14,7,0,0,0,7,0,0,0,0,0,0,7,0,0,0,0,0,0,0,7,7,22,21,36,7,0,35,0,8,7,7,7,0,0
0,0,0,0,0,0,0,0,0,0,15,14,14,7,0,0,0,7,0,0,0,0,0,0,7,0,0,0,0,0,0,0,7,7,22,21,36,7,0,35,0,8,7,7,7,0,0,0
0,0,0,0,0,0,0,0,15,14,14,7,0,0,0,7,0,0,0,0,0,0,7,0,0,0,0,0,0,0,7,7,22,21,36,7,0,35,0,8,7,7,7,0,0,0,7,0
0,0,0,0,0,0,0,15,14,14,7,0,0,0,7,0,0,0,0,0,0,7,0,0,0,0,0,0,0,7,7,22,21,36,7,0,35,0,8,7,7,7,0,0,0,7,0,0
0,0,0,0,0,0,15,14,14,7,0,0,0,7,0,0,0,0,0,0,7,0,0,0,0,0,0,0,7,7,22,21,36,7,0,35,0,8,7,7,7,0,0,0,7,0,0,0
0,0,0,0,0,15,14,14,7,0,0,0,7,0,0,0,0,0,0,7,0,0,0,0,0,0,0,7,7,22,21,36,7,0,35,0,8,7,7,7,0,0,0,7,0,0,0,0
0,0,0,0,15,14,14,7,0,0,0,7,0,0,0,0,0,0,7,0,0,0,0,0,0,0,7,7,22,21,36,7,0,35,0,8,7,7,7,0,0,0,7,0,0,0,0,0
0,0,0,15,14,14,7,0,0,0,7,0,0,0,0,0,0,7,0,0,0,0,0,0,0,7,7,22,21,36,7,0,35,0,8,7,7,7,0,0,0,7,0,0,0,0,0,0
0,0,15,14,14,7,0,0,0,7,0,0,0,0,0,0,7,0,0,0,0,0,0,0,7,7,22,21,36,7,0,35,0,8,7,7,7,0,0,0,7,0,0,0,0,0,0,0
0,15,14,14,7,0,0,0,7,0,0,0,0,0,0,7,0,0,0,0,0,0,0,7,7,22,21,36,7,0,35,0,8,7,7,7,0,0,0,7,0,0,0,0,0,0,0,7
14,14,7,0,0,0,7,0,0,0,0,0,0,7,0,0,0,0,0,0,0,7,7,22,21,36,7,0,35,0,8,7,7,7,0,0,0,7,0,0,0,0,0,0,0,7,22,14
14,7,0,0,0,7,0,0,0,0,0,0,7,0,0,0,0,0,0,0,7,7,22,21,36,7,0,35,0,8,7,7,7,0,0,0,7,0,0,0,0,0,0,0,7,22,14,14
0,0,0,7,0,0,0,0,0,0,7,0,0,0,0,0,0,0,7,7,22,21,36,7,0,35,0,8,7,7,7,0,0,0,7,0,0,0,0,0,0,0,7,22,14,14,22,7
0,0,7,0,0,0,0,0,0,7,0,0,0,0,0,0,0,7,7,22,21,36,7,0,35,0,8,7,7,7,0,0,0,7,0,0,0,0,0,0,0,7,22,14,14,22,7,0
0,7,0,0,0,0,0,0,7,0,0,0,0,0,0,0,7,7,22,21,36,7,0,35,0,8,7,7,7,0,0,0,7,0,0,0,0,0,0,0,7,22,14,14,22,7,0,0
7,0,0,0,0,0,0,7,0,0,0,0,0,0,0,7,7,22,21,36,7,0,35,0,8,7,7,7,0,0,0,7,0,0,0,0,0,0,0,7,22,14,14,22,7,0,0,0
0,0,0,0,0,0,7,0,0,0,0,0,0,0,7,7,22,21,36,7,0,35,0,8,7,7,7,0,0,0,7,0,0,0,0,0,0,0,7,22,14,14,22,7,0,0,0,7
0,0,0,0,0,7,0,0,0,0,0,0,0,7,7,22,21,36,7,0,35,0,8,7,7,7,0,0,0,7,0,0,0,0,0,0,0,7,22,14,14,22,7,0,0,0,7,0
0,0,0,0,7,0,0,0,0,0,0,0,7,7,22,21,36,7,0,35,0,8,7,7,7,0,0,0,7,0,0,0,0,0,0,0,7,22,14,14,22,7,0,0,0,7,0,7
0,0,0,7,0,0,0,0,0,0,0,7,7,22,21,36,7,0,35,0,8,7,7,7,0,0,0,7,0,0,0,0,0,0,0,7,22,14,14,22,7,0,0,0,7,0,7,0
0,0,7,0,0,0,0,0,0,0,7,7,22,21,36,7,0,35,0,8,7,7,7,0,0,0,7,0,0,0,0,0,0,0,7,22,14,14,22,7,0,0,0,7,0,7,0,0
0,7,0,0,0,0,0,0,0,7,7,22,21,36,7,0,35,0,8,7,7,7,0,0,0,7,0,0,0,0,0,0,0,7,22,14,14,22,7,0,0,0,7,0,7,0,0,0
7,0,0,0,0,0,0,0,7,7,22,21,36,7,0,35,0,8,7,7,7,0,0,0,7,0,0,0,0,0,0,0,7,22,14,14,22,7,0,0,0,7,0,7,0,0,0,0
0,0,0,0,0,0,0,7,7,22,21,36,7,0,35,0,8,7,7,7,0,0,0,7,0,0,0,0,0,0,0,7,22,14,14,22,7,0,0,0,7,0,7,0,0,0,0,0
0,0,0,0,0,0,7,7,22,21,36,7,0,35,0,8,7,7,7,0,0,0,7,0,0,0,0,0,0,0,7,22,14,14,22,7,0,0,0,7,0,7,0,0,0,0,0,0
0,0,0,0,0,7,7,22,21,36,7,0,35,0,8,7,7,7,0,0,0,7,0,0,0,0,0,0,0,7,22,14,14,22,7,0,0,0,7,0,7,0,0,0,0,0,0,0
0,0,0,7,7,22,21,36,7,0,35,0,8,7,7,7,0,0,0,7,0,0,0,0,0,0,0,7,22,14,14,22,7,0,0,0,7,0,7,0,0,0,0,0,0,0,0,0
0,0,7,7,22,21,36,7,0,35,0,8,7,7,7,0,0,0,7,0,0,0,0,0,0,0,7,22,14,14,22,7,0,0,0,7,0,7,0,0,0,0,0,0,0,0,0,0
7,7,22,21,36,7,0,35,0,8,7,7,7,0,0,0,7,0,0,0,0,0,0,0,7,22,14,14,22,7,0,0,0,7,0,7,0,0,0,0,0,0,0,0,0,0,0,0
21,36,7,0,35,0,8,7,7,7,0,0,0,7,0,0,0,0,0,0,0,7,22,14,14,22,7,0,0,0,7,0,7,0,0,0,0,0,0,0,0,0,0,0,0,0,14,113
36,7,0,35,0,8,7,7,7,0,0,0,7,0,0,0,0,0,0,0,7,22,14,14,22,7,0,0,0,7,0,7,0,0,0,0,0,0,0,0,0,0,0,0,0,14,113,0
7,0,35,0,8,7,7,7,0,0,0,7,0,0,0,0,0,0,0,7,22,14,14,22,7,0,0,0,7,0,7,0,0,0,0,0,0,0,0,0,0,0,0,0,14,113,0,0
0,35,0,8,7,7,7,0,0,0,7,0,0,0,0,0,0,0,7,22,14,14,22,7,0,0,0,7,0,7,0,0,0,0,0,0,0,0,0,0,0,0,0,14,113,0,0,14
7,7,7,0,0,0,7,0,0,0,0,0,0,0,7,22,14,14,22,7,0,0,0,7,0,7,0,0,0,0,0,0,0,0,0,0,0,0,0,14,113,0,0,14,0,0,0,14
7,7,0,0,0,7,0,0,0,0,0,0,0,7,22,14,14,22,7,0,0,0,7,0,7,0,0,0,0,0,0,0,0,0,0,0,0,0,14,113,0,0,14,0,0,0,14,7
7,0,0,0,7,0,0,0,0,0,0,0,7,22,14,14,22,7,0,0,0,7,0,7,0,0,0,0,0,0,0,0,0,0,0,0,0,14,113,0,0,14,0,0,0,14,7,0
0,0,0,7,0,0,0,0,0,0,0,7,22,14,14,22,7,0,0,0,7,0,7,0,0,0,0,0,0,0,0,0,0,0,0,0,14,113,0,0,14,0,0,0,14,7,0,15
0,0,7,0,0,0,0,0,0,0,7,22,14,14,22,7,0,0,0,7,0,7,0,0,0,0,0,0,0,0,0,0,0,0,0,14,113,0,0,14,0,0,0,14,7,0,15,0
0,7,0,0,0,0,0,0,0,7,22,14,14,22,7,0,0,0,7,0,7,0,0,0,0,0,0,0,0,0,0,0,0,0,14,113,0,0,14,0,0,0,14,7,0,15,0,0
7,0,0,0,0,0,0,0,7,22,14,14,22,7,0,0,0,7,0,7,0,0,0,0,0,0,0,0,0,0,0,0,0,14,113,0,0,14,0,0,0,14,7,0,15,0,0,0
0,0,0,0,0,0,0,7,22,14,14,22,7,0,0,0,7,0,7,0,0,0,0,0,0,0,0,0,0,0,0,0,14,113,0,0,14,0,0,0,14,7,0,15,0,0,0,0
0,0,7,22,14,14,22,7,0,0,0,7,0,7,0,0,0,0,0,0,0,0,0,0,0,0,0,14,113,0,0,14,0,0,0,14,7,0,15,0,0,0,0,0,0,0,0,0
14,14,22,7,0,0,0,7,0,7,0,0,0,0,0,0,0,0,0,0,0,0,0,14,113,0,0,14,0,0,0,14,7,0,15,0,0,0,0,0,0,0,0,0,0,21,7,29
14,22,7,0,0,0,7,0,7,0,0,0,0,0,0,0,0,0,0,0,0,0,14,113,0,0,14,0,0,0,14,7,0,15,0,0,0,0,0,0,0,0,0,0,21,7,29,14
0,0,0,7,0,7,0,0,0,0,0,0,0,0,0,0,0,0,0,14,113,0,0,14,0,0,0,14,7,0,15,0,0,0,0,0,0,0,0,0,0,21,7,29,14,21,8,0
0,7,0,7,0,0,0,0,0,0,0,0,0,0,0,0,0,14,113,0,0,14,0,0,0,14,7,0,15,0,0,0,0,0,0,0,0,0,0,21,7,29,14,21,8,0,0,14
0,7,0,0,0,0,0,0,0,0,0,0,0,0,0,14,113,0,0,14,0,0,0,14,7,0,15,0,0,0,0,0,0,0,0,0,0,21,7,29,14,21,8,0,0,14,0,0
0,0,0,0,0,0,0,0,0,0,0,0,14,113,0,0,14,0,0,0,14,7,0,15,0,0,0,0,0,0,0,0,0,0,21,7,29,14,21,8,0,0,14,0,0,14,0,0
0,0,0,0,0,0,0,0,0,0,0,14,113,0,0,14,0,0,0,14,7,0,15,0,0,0,0,0,0,0,0,0,0,21,7,29,14,21,8,0,0,14,0,0,14,0,0,0
0,0,0,0,0,0,0,0,14,113,0,0,14,0,0,0,14,7,0,15,0,0,0,0,0,0,0,0,0,0,21,7,29,14,21,8,0,0,14,0,0,14,0,0,0,0,0,0
0,0,0,0,0,0,0,14,113,0,0,14,0,0,0,14,7,0,15,0,0,0,0,0,0,0,0,0,0,21,7,29,14,21,8,0,0,14,0,0,14,0,0,0,0,0,0,0
0,0,0,0,0,0,14,113,0,0,14,0,0,0,14,7,0,15,0,0,0,0,0,0,0,0,0,0,21,7,29,14,21,8,0,0,14,0,0,14,0,0,0,0,0,0,0,0
0,0,0,0,0,14,113,0,0,14,0,0,0,14,7,0,15,0,0,0,0,0,0,0,0,0,0,21,7,29,14,21,8,0,0,14,0,0,14,0,0,0,0,0,0,0,0,0
0,0,0,0,14,113,0,0,14,0,0,0,14,7,0,15,0,0,0,0,0,0,0,0,0,0,21,7,29,14,21,8,0,0,14,0,0,14,0,0,0,0,0,0,0,0,0,0
0,0,0,14,113,0,0,14,0,0,0,14,7,0,15,0,0,0,0,0,0,0,0,0,0,21,7,29,14,21,8,0,0,14,0,0,14,0,0,0,0,0,0,0,0,0,0,0
0,0,14,0,0,0,14,7,0,15,0,0,0,0,0,0,0,0,0,0,21,7,29,14,21,8,0,0,14,0,0,14,0,0,0,0,0,0,0,0,0,0,0,0,0,0,29,14
0,14,0,0,0,14,7,0,15,0,0,0,0,0,0,0,0,0,0,21,7,29,14,21,8,0,0,14,0,0,14,0,0,0,0,0,0,0,0,0,0,0,0,0,0,29,14,7
14,0,0,0,14,7,0,15,0,0,0,0,0,0,0,0,0,0,21,7,29,14,21,8,0,0,14,0,0,14,0,0,0,0,0,0,0,0,0,0,0,0,0,0,29,14,7,28
0,0,14,7,0,15,0,0,0,0,0,0,0,0,0,0,21,7,29,14,21,8,0,0,14,0,0,14,0,0,0,0,0,0,0,0,0,0,0,0,0,0,29,14,7,28,29,0
0,14,7,0,15,0,0,0,0,0,0,0,0,0,0,21,7,29,14,21,8,0,0,14,0,0,14,0,0,0,0,0,0,0,0,0,0,0,0,0,0,29,14,7,28,29,0,0
14,7,0,15,0,0,0,0,0,0,0,0,0,0,21,7,29,14,21,8,0,0,14,0,0,14,0,0,0,0,0,0,0,0,0,0,0,0,0,0,29,14,7,28,29,0,0,21
7,0,15,0,0,0,0,0,0,0,0,0,0,21,7,29,14,21,8,0,0,14,0,0,14,0,0,0,0,0,0,0,0,0,0,0,0,0,0,29,14,7,28,29,0,0,21,21
15,0,0,0,0,0,0,0,0,0,0,21,7,29,14,21,8,0,0,14,0,0,14,0,0,0,0,0,0,0,0,0,0,0,0,0,0,29,14,7,28,29,0,0,21,21,0,7
0,0,0,0,0,0,0,0,0,21,7,29,14,21,8,0,0,14,0,0,14,0,0,0,0,0,0,0,0,0,0,0,0,0,0,29,14,7,28,29,0,0,21,21,0,7,14,0
0,0,0,0,0,0,0,0,21,7,29,14,21,8,0,0,14,0,0,14,0,0,0,0,0,0,0,0,0,0,0,0,0,0,29,14,7,28,29,0,0,21,21,0,7,14,0,28
0,0,0,0,0,0,0,21,7,29,14,21,8,0,0,14,0,0,14,0,0,0,0,0,0,0,0,0,0,0,0,0,0,29,14,7,28,29,0,0,21,21,0,7,14,0,28,0
0,0,0,0,0,0,21,7,29,14,21,8,0,0,14,0,0,14,0,0,0,0,0,0,0,0,0,0,0,0,0,0,29,14,7,28,29,0,0,21,21,0,7,14,0,28,0,0
0,0,0,0,0,21,7,29,14,21,8,0,0,14,0,0,14,0,0,0,0,0,0,0,0,0,0,0,0,0,0,29,14,7,28,29,0,0,21,21,0,7,14,0,28,0,0,0
0,0,0,0,21,7,29,14,21,8,0,0,14,0,0,14,0,0,0,0,0,0,0,0,0,0,0,0,0,0,29,14,7,28,29,0,0,21,21,0,7,14,0,28,0,0,0,0
0,0,0,21,7,29,14,21,8,0,0,14,0,0,14,0,0,0,0,0,0,0,0,0,0,0,0,0,0,29,14,7,28,29,0,0,21,21,0,7,14,0,28,0,0,0,0,7
0,0,21,7,29,14,21,8,0,0,14,0,0,14,0,0,0,0,0,0,0,0,0,0,0,0,0,0,29,14,7,28,29,0,0,21,21,0,7,14,0,28,0,0,0,0,7,0
0,21,7,29,14,21,8,0,0,14,0,0,14,0,0,0,0,0,0,0,0,0,0,0,0,0,0,29,14,7,28,29,0,0,21,21,0,7,14,0,28,0,0,0,0,7,0,0
21,7,29,14,21,8,0,0,14,0,0,14,0,0,0,0,0,0,0,0,0,0,0,0,0,0,29,14,7,28,29,0,0,21,21,0,7,14,0,28,0,0,0,0,7,0,0,0
7,29,14,21,8,0,0,14,0,0,14,0,0,0,0,0,0,0,0,0,0,0,0,0,0,29,14,7,28,29,0,0,21,21,0,7,14,0,28,0,0,0,0,7,0,0,0,7
29,14,21,8,0,0,14,0,0,14,0,0,0,0,0,0,0,0,0,0,0,0,0,0,29,14,7,28,29,0,0,21,21,0,7,14,0,28,0,0,0,0,7,0,0,0,7,0
14,21,8,0,0,14,0,0,14,0,0,0,0,0,0,0,0,0,0,0,0,0,0,29,14,7,28,29,0,0,21,21,0,7,14,0,28,0,0,0,0,7,0,0,0,7,0,8
21,8,0,0,14,0,0,14,0,0,0,0,0,0,0,0,0,0,0,0,0,0,29,14,7,28,29,0,0,21,21,0,7,14,0,28,0,0,0,0,7,0,0,0,7,0,8,14
8,0,0,14,0,0,14,0,0,0,0,0,0,0,0,0,0,0,0,0,0,29,14,7,28,29,0,0,21,21,0,7,14,0,28,0,0,0,0,7,0,0,0,7,0,8,14,21
0,0,0,0,0,0,0,0,0,0,0,0,0,0,29,14,7,28,29,0,0,21,21,0,7,14,0,28,0,0,0,0,7,0,0,0,7,0,8,14,21,7,7,21,0,7,15,7
0,0,0,0,0,0,0,0,0,0,0,0,0,29,14,7,28,29,0,0,21,21,0,7,14,0,28,0,0,0,0,7,0,0,0,7,0,8,14,21,7,7,21,0,7,15,7,7
0,0,0,0,0,0,0,0,0,0,0,0,29,14,7,28,29,0,0,21,21,0,7,14,0,28,0,0,0,0,7,0,0,0,7,0,8,14,21,7,7,21,0,7,15,7,7,36
0,0,0,0,0,0,29,14,7,28,29,0,0,21,21,0,7,14,0,28,0,0,0,0,7,0,0,0,7,0,8,14,21,7,7,21,0,7,15,7,7,36,0,0,0,0,0,0
0,0,0,0,0,29,14,7,28,29,0,0,21,21,0,7,14,0,28,0,0,0,0,7,0,0,0,7,0,8,14,21,7,7,21,0,7,15,7,7,36,0,0,0,0,0,0,0
0,0,0,0,29,14,7,28,29,0,0,21,21,0,7,14,0,28,0,0,0,0,7,0,0,0,7,0,8,14,21,7,7,21,0,7,15,7,7,36,0,0,0,0,0,0,0,0
0,0,0,29,14,7,28,29,0,0,21,21,0,7,14,0,28,0,0,0,0,7,0,0,0,7,0,8,14,21,7,7,21,0,7,15,7,7,36,0,0,0,0,0,0,0,0,0
0,0,29,14,7,28,29,0,0,21,21,0,7,14,0,28,0,0,0,0,7,0,0,0,7,0,8,14,21,7,7,21,0,7,15,7,7,36,0,0,0,0,0,0,0,0,0,0
0,29,14,7,28,29,0,0,21,21,0,7,14,0,28,0,0,0,0,7,0,0,0,7,0,8,14,21,7,7,21,0,7,15,7,7,36,0,0,0,0,0,0,0,0,0,0,0
14,7,28,29,0,0,21,21,0,7,14,0,28,0,0,0,0,7,0,0,0,7,0,8,14,21,7,7,21,0,7,15,7,7,36,0,0,0,0,0,0,0,0,0,0,0,7,0
28,29,0,0,21,21,0,7,14,0,28,0,0,0,0,7,0,0,0,7,0,8,14,21,7,7,21,0,7,15,7,7,36,0,0,0,0,0,0,0,0,0,0,0,7,0,21,14
0,0,21,21,0,7,14,0,28,0,0,0,0,7,0,0,0,7,0,8,14,21,7,7,21,0,7,15,7,7,36,0,0,0,0,0,0,0,0,0,0,0,7,0,21,14,7,0
0,21,21,0,7,14,0,28,0,0,0,0,7,0,0,0,7,0,8,14,21,7,7,21,0,7,15,7,7,36,0,0,0,0,0,0,0,0,0,0,0,7,0,21,14,7,0,0
21,21,0,7,14,0,28,0,0,0,0,7,0,0,0,7,0,8,14,21,7,7,21,0,7,15,7,7,36,0,0,0,0,0,0,0,0,0,0,0,7,0,21,14,7,0,0,0
7,14,0,28,0,0,0,0,7,0,0,0,7,0,8,14,21,7,7,21,0,7,15,7,7,36,0,0,0,0,0,0,0,0,0,0,0,7,0,21,14,7,0,0,0,0,7,14
14,0,28,0,0,0,0,7,0,0,0,7,0,8,14,21,7,7,21,0,7,15,7,7,36,0,0,0,0,0,0,0,0,0,0,0,7,0,21,14,7,0,0,0,0,7,14,7
0,28,0,0,0,0,7,0,0,0,7,0,8,14,21,7,7,21,0,7,15,7,7,36,0,0,0,0,0,0,0,0,0,0,0,7,0,21,14,7,0,0,0,0,7,14,7,7
0,0,0,0,7,0,0,0,7,0,8,14,21,7,7,21,0,7,15,7,7,36,0,0,0,0,0,0,0,0,0,0,0,7,0,21,14,7,0,0,0,0,7,14,7,7,8,0
0,0,0,7,0,0,0,7,0,8,14,21,7,7,21,0,7,15,7,7,36,0,0,0,0,0,0,0,0,0,0,0,7,0,21,14,7,0,0,0,0,7,14,7,7,8,0,0
0,0,7,0,0,0,7,0,8,14,21,7,7,21,0,7,15,7,7,36,0,0,0,0,0,0,0,0,0,0,0,7,0,21,14,7,0,0,0,0,7,14,7,7,8,0,0,0
0,7,0,0,0,7,0,8,14,21,7,7,21,0,7,15,7,7,36,0,0,0,0,0,0,0,0,0,0,0,7,0,21,14,7,0,0,0,0,7,14,7,7,8,0,0,0,0
0,0,7,0,8,14,21,7,7,21,0,7,15,7,7,36,0,0,0,0,0,0,0,0,0,0,0,7,0,21,14,7,0,0,0,0,7,14,7,7,8,0,0,0,0,0,0,0
0,7,0,8,14,21,7,7,21,0,7,15,7,7,36,0,0,0,0,0,0,0,0,0,0,0,7,0,21,14,7,0,0,0,0,7,14,7,7,8,0,0,0,0,0,0,0,0
7,0,8,14,21,7,7,21,0,7,15,7,7,36,0,0,0,0,0,0,0,0,0,0,0,7,0,21,14,7,0,0,0,0,7,14,7,7,8,0,0,0,0,0,0,0,0,14
0,8,14,21,7,7,21,0,7,15,7,7,36,0,0,0,0,0,0,0,0,0,0,0,7,0,21,14,7,0,0,0,0,7,14,7,7,8,0,0,0,0,0,0,0,0,14,0
8,14,21,7,7,21,0,7,15,7,7,36,0,0,0,0,0,0,0,0,0,0,0,7,0,21,14,7,0,0,0,0,7,14,7,7,8,0,0,0,0,0,0,0,0,14,0,0
14,21,7,7,21,0,7,15,7,7,36,0,0,0,0,0,0,0,0,0,0,0,7,0,21,14,7,0,0,0,0,7,14,7,7,8,0,0,0,0,0,0,0,0,14,0,0,7
21,0,7,15,7,7,36,0,0,0,0,0,0,0,0,0,0,0,7,0,21,14,7,0,0,0,0,7,14,7,7,8,0,0,0,0,0,0,0,0,14,0,0,7,7,7,0,0
0,7,15,7,7,36,0,0,0,0,0,0,0,0,0,0,0,7,0,21,14,7,0,0,0,0,7,14,7,7,8,0,0,0,0,0,0,0,0,14,0,0,7,7,7,0,0,0
7,7,36,0,0,0,0,0,0,0,0,0,0,0,7,0,21,14,7,0,0,0,0,7,14,7,7,8,0,0,0,0,0,0,0,0,14,0,0,7,7,7,0,0,0,0,14,7
0,0,0,0,0,0,0,0,0,0,7,0,21,14,7,0,0,0,0,7,14,7,7,8,0,0,0,0,0,0,0,0,14,0,0,7,7,7,0,0,0,0,14,7,7,0,0,0
0,0,0,0,0,0,0,0,0,7,0,21,14,7,0,0,0,0,7,14,7,7,8,0,0,0,0,0,0,0,0,14,0,0,7,7,7,0,0,0,0,14,7,7,0,0,0,0
0,0,0,0,0,0,0,0,7,0,21,14,7,0,0,0,0,7,14,7,7,8,0,0,0,0,0,0,0,0,14,0,0,7,7,7,0,0,0,0,14,7,7,0,0,0,0,0
0,0,0,0,0,0,7,0,21,14,7,0,0,0,0,7,14,7,7,8,0,0,0,0,0,0,0,0,14,0,0,7,7,7,0,0,0,0,14,7,7,0,0,0,0,0,0,0
0,0,0,0,0,7,0,21,14,7,0,0,0,0,7,14,7,7,8,0,0,0,0,0,0,0,0,14,0,0,7,7,7,0,0,0,0,14,7,7,0,0,0,0,0,0,0,0
0,0,0,0,7,0,21,14,7,0,0,0,0,7,14,7,7,8,0,0,0,0,0,0,0,0,14,0,0,7,7,7,0,0,0,0,14,7,7,0,0,0,0,0,0,0,0,0
0,0,0,7,0,21,14,7,0,0,0,0,7,14,7,7,8,0,0,0,0,0,0,0,0,14,0,0,7,7,7,0,0,0,0,14,7,7,0,0,0,0,0,0,0,0,0,0
0,0,7,0,21,14,7,0,0,0,0,7,14,7,7,8,0,0,0,0,0,0,0,0,14,0,0,7,7,7,0,0,0,0,14,7,7,0,0,0,0,0,0,0,0,0,0,0
0,7,0,21,14,7,0,0,0,0,7,14,7,7,8,0,0,0,0,0,0,0,0,14,0,0,7,7,7,0,0,0,0,14,7,7,0,0,0,0,0,0,0,0,0,0,0,7
0,21,14,7,0,0,0,0,7,14,7,7,8,0,0,0,0,0,0,0,0,14,0,0,7,7,7,0,0,0,0,14,7,7,0,0,0,0,0,0,0,0,0,0,0,7,0,0
7,0,0,0,0,7,14,7,7,8,0,0,0,0,0,0,0,0,14,0,0,7,7,7,0,0,0,0,14,7,7,0,0,0,0,0,0,0,0,0,0,0,7,0,0,29,21,14
0,0,0,7,14,7,7,8,0,0,0,0,0,0,0,0,14,0,0,7,7,7,0,0,0,0,14,7,7,0,0,0,0,0,0,0,0,0,0,0,7,0,0,29,21,14,36,14
0,0,7,14,7,7,8,0,0,0,0,0,0,0,0,14,0,0,7,7,7,0,0,0,0,14,7,7,0,0,0,0,0,0,0,0,0,0,0,7,0,0,29,21,14,36,14,35
0,7,14,7,7,8,0,0,0,0,0,0,0,0,14,0,0,7,7,7,0,0,0,0,14,7,7,0,0,0,0,0,0,0,0,0,0,0,7,0,0,29,21,14,36,14,35,35
14,7,7,8,0,0,0,0,0,0,0,0,14,0,0,7,7,7,0,0,0,0,14,7,7,0,0,0,0,0,0,0,0,0,0,0,7,0,0,29,21,14,36,14,35,35,15,7
7,7,8,0,0,0,0,0,0,0,0,14,0,0,7,7,7,0,0,0,0,14,7,7,0,0,0,0,0,0,0,0,0,0,0,7,0,0,29,21,14,36,14,35,35,15,7,0
7,8,0,0,0,0,0,0,0,0,14,0,0,7,7,7,0,0,0,0,14,7,7,0,0,0,0,0,0,0,0,0,0,0,7,0,0,29,21,14,36,14,35,35,15,7,0,7
8,0,0,0,0,0,0,0,0,14,0,0,7,7,7,0,0,0,0,14,7,7,0,0,0,0,0,0,0,0,0,0,0,7,0,0,29,21,14,36,14,35,35,15,7,0,7,0
0,0,0,0,0,0,0,14,0,0,7,7,7,0,0,0,0,14,7,7,0,0,0,0,0,0,0,0,0,0,0,7,0,0,29,21,14,36,14,35,35,15,7,0,7,0,0,0
0,0,0,0,0,14,0,0,7,7,7,0,0,0,0,14,7,7,0,0,0,0,0,0,0,0,0,0,0,7,0,0,29,21,14,36,14,35,35,15,7,0,7,0,0,0,0,0
0,0,0,0,14,0,0,7,7,7,0,0,0,0,14,7,7,0,0,0,0,0,0,0,0,0,0,0,7,0,0,29,21,14,36,14,35,35,15,7,0,7,0,0,0,0,0,0
0,0,0,14,0,0,7,7,7,0,0,0,0,14,7,7,0,0,0,0,0,0,0,0,0,0,0,7,0,0,29,21,14,36,14,35,35,15,7,0,7,0,0,0,0,0,0,7
0,14,0,0,7,7,7,0,0,0,0,14,7,7,0,0,0,0,0,0,0,0,0,0,0,7,0,0,29,21,14,36,14,35,35,15,7,0,7,0,0,0,0,0,0,7,0,0
0,0,7,7,7,0,0,0,0,14,7,7,0,0,0,0,0,0,0,0,0,0,0,7,0,0,29,21,14,36,14,35,35,15,7,0,7,0,0,0,0,0,0,7,0,0,0,0
0,7,7,7,0,0,0,0,14,7,7,0,0,0,0,0,0,0,0,0,0,0,7,0,0,29,21,14,36,14,35,35,15,7,0,7,0,0,0,0,0,0,7,0,0,0,0,0
7,7,7,0,0,0,0,14,7,7,0,0,0,0,0,0,0,0,0,0,0,7,0,0,29,21,14,36,14,35,35,15,7,0,7,0,0,0,0,0,0,7,0,0,0,0,0,21
7,7,0,0,0,0,14,7,7,0,0,0,0,0,0,0,0,0,0,0,7,0,0,29,21,14,36,14,35,35,15,7,0,7,0,0,0,0,0,0,7,0,0,0,0,0,21,21
7,0,0,0,0,14,7,7,0,0,0,0,0,0,0,0,0,0,0,7,0,0,29,21,14,36,14,35,35,15,7,0,7,0,0,0,0,0,0,7,0,0,0,0,0,21,21,14
0,0,0,0,14,7,7,0,0,0,0,0,0,0,0,0,0,0,7,0,0,29,21,14,36,14,35,35,15,7,0,7,0,0,0,0,0,0,7,0,0,0,0,0,21,21,14,14
0,0,0,14,7,7,0,0,0,0,0,0,0,0,0,0,0,7,0,0,29,21,14,36,14,35,35,15,7,0,7,0,0,0,0,0,0,7,0,0,0,0,0,21,21,14,14,7
0,0,14,7,7,0,0,0,0,0,0,0,0,0,0,0,7,0,0,29,21,14,36,14,35,35,15,7,0,7,0,0,0,0,0,0,7,0,0,0,0,0,21,21,14,14,7,7
14,7,7,0,0,0,0,0,0,0,0,0,0,0,7,0,0,29,21,14,36,14,35,35,15,7,0,7,0,0,0,0,0,0,7,0,0,0,0,0,21,21,14,14,7,7,0,7
7,0,0,0,0,0,0,0,0,0,0,0,7,0,0,29,21,14,36,14,35,35,15,7,0,7,0,0,0,0,0,0,7,0,0,0,0,0,21,21,14,14,7,7,0,7,14,7
0,0,0,0,0,0,0,0,0,0,0,7,0,0,29,21,14,36,14,35,35,15,7,0,7,0,0,0,0,0,0,7,0,0,0,0,0,21,21,14,14,7,7,0,7,14,7,8
0,0,0,0,0,0,0,0,0,0,7,0,0,29,21,14,36,14,35,35,15,7,0,7,0,0,0,0,0,0,7,0,0,0,0,0,21,21,14,14,7,7,0,7,14,7,8,0
0,0,0,0,0,0,0,0,0,7,0,0,29,21,14,36,14,35,35,15,7,0,7,0,0,0,0,0,0,7,0,0,0,0,0,21,21,14,14,7,7,0,7,14,7,8,0,7
0,0,0,0,0,7,0,0,29,21,14,36,14,35,35,15,7,0,7,0,0,0,0,0,0,7,0,0,0,0,0,21,21,14,14,7,7,0,7,14,7,8,0,7,0,7,14,0
0,0,0,0,7,0,0,29,21,14,36,14,35,35,15,7,0,7,0,0,0,0,0,0,7,0,0,0,0,0,21,21,14,14,7,7,0,7,14,7,8,0,7,0,7,14,0,0
0,0,0,7,0,0,29,21,14,36,14,35,35,15,7,0,7,0,0,0,0,0,0,7,0,0,0,0,0,21,21,14,14,7,7,0,7,14,7,8,0,7,0,7,14,0,0,0
0,7,0,0,29,21,14,36,14,35,35,15,7,0,7,0,0,0,0,0,0,7,0,0,0,0,0,21,21,14,14,7,7,0,7,14,7,8,0,7,0,7,14,0,0,0,0,0
0,0,29,21,14,36,14,35,35,15,7,0,7,0,0,0,0,0,0,7,0,0,0,0,0,21,21,14,14,7,7,0,7,14,7,8,0,7,0,7,14,0,0,0,0,0,0,0
0,29,21,14,36,14,35,35,15,7,0,7,0,0,0,0,0,0,7,0,0,0,0,0,21,21,14,14,7,7,0,7,14,7,8,0,7,0,7,14,0,0,0,0,0,0,0,0
29,21,14,36,14,35,35,15,7,0,7,0,0,0,0,0,0,7,0,0,0,0,0,21,21,14,14,7,7,0,7,14,7,8,0,7,0,7,14,0,0,0,0,0,0,0,0,0
21,14,36,14,35,35,15,7,0,7,0,0,0,0,0,0,7,0,0,0,0,0,21,21,14,14,7,7,0,7,14,7,8,0,7,0,7,14,0,0,0,0,0,0,0,0,0,21
36,14,35,35,15,7,0,7,0,0,0,0,0,0,7,0,0,0,0,0,21,21,14,14,7,7,0,7,14,7,8,0,7,0,7,14,0,0,0,0,0,0,0,0,0,21,29,50
15,7,0,7,0,0,0,0,0,0,7,0,0,0,0,0,21,21,14,14,7,7,0,7,14,7,8,0,7,0,7,14,0,0,0,0,0,0,0,0,0,21,29,50,14,7,14,7
0,7,0,0,0,0,0,0,7,0,0,0,0,0,21,21,14,14,7,7,0,7,14,7,8,0,7,0,7,14,0,0,0,0,0,0,0,0,0,21,29,50,14,7,14,7,15,0
0,0,0,0,0,0,7,0,0,0,0,0,21,21,14,14,7,7,0,7,14,7,8,0,7,0,7,14,0,0,0,0,0,0,0,0,0,21,29,50,14,7,14,7,15,0,0,7
0,0,0,0,0,7,0,0,0,0,0,21,21,14,14,7,7,0,7,14,7,8,0,7,0,7,14,0,0,0,0,0,0,0,0,0,21,29,50,14,7,14,7,15,0,0,7,0
0,0,0,0,7,0,0,0,0,0,21,21,14,14,7,7,0,7,14,7,8,0,7,0,7,14,0,0,0,0,0,0,0,0,0,21,29,50,14,7,14,7,15,0,0,7,0,7
0,0,0,7,0,0,0,0,0,21,21,14,14,7,7,0,7,14,7,8,0,7,0,7,14,0,0,0,0,0,0,0,0,0,21,29,50,14,7,14,7,15,0,0,7,0,7,0
0,0,7,0,0,0,0,0,21,21,14,14,7,7,0,7,14,7,8,0,7,0,7,14,0,0,0,0,0,0,0,0,0,21,29,50,14,7,14,7,15,0,0,7,0,7,0,0
0,7,0,0,0,0,0,21,21,14,14,7,7,0,7,14,7,8,0,7,0,7,14,0,0,0,0,0,0,0,0,0,21,29,50,14,7,14,7,15,0,0,7,0,7,0,0,0
7,0,0,0,0,0,21,21,14,14,7,7,0,7,14,7,8,0,7,0,7,14,0,0,0,0,0,0,0,0,0,21,29,50,14,7,14,7,15,0,0,7,0,7,0,0,0,0
0,0,0,0,0,21,21,14,14,7,7,0,7,14,7,8,0,7,0,7,14,0,0,0,0,0,0,0,0,0,21,29,50,14,7,14,7,15,0,0,7,0,7,0,0,0,0,0
0,0,0,21,21,14,14,7,7,0,7,14,7,8,0,7,0,7,14,0,0,0,0,0,0,0,0,0,21,29,50,14,7,14,7,15,0,0,7,0,7,0,0,0,0,0,0,0
0,0,21,21,14,14,7,7,0,7,14,7,8,0,7,0,7,14,0,0,0,0,0,0,0,0,0,21,29,50,14,7,14,7,15,0,0,7,0,7,0,0,0,0,0,0,0,0
0,21,21,14,14,7,7,0,7,14,7,8,0,7,0,7,14,0,0,0,0,0,0,0,0,0,21,29,50,14,7,14,7,15,0,0,7,0,7,0,0,0,0,0,0,0,0,21
21,14,14,7,7,0,7,14,7,8,0,7,0,7,14,0,0,0,0,0,0,0,0,0,21,29,50,14,7,14,7,15,0,0,7,0,7,0,0,0,0,0,0,0,0,21,0,15
14,14,7,7,0,7,14,7,8,0,7,0,7,14,0,0,0,0,0,0,0,0,0,21,29,50,14,7,14,7,15,0,0,7,0,7,0,0,0,0,0,0,0,0,21,0,15,7
14,7,7,0,7,14,7,8,0,7,0,7,14,0,0,0,0,0,0,0,0,0,21,29,50,14,7,14,7,15,0,0,7,0,7,0,0,0,0,0,0,0,0,21,0,15,7,14
7,14,7,8,0,7,0,7,14,0,0,0,0,0,0,0,0,0,21,29,50,14,7,14,7,15,0,0,7,0,7,0,0,0,0,0,0,0,0,21,0,15,7,14,14,15,14,35
14,7,8,0,7,0,7,14,0,0,0,0,0,0,0,0,0,21,29,50,14,7,14,7,15,0,0,7,0,7,0,0,0,0,0,0,0,0,21,0,15,7,14,14,15,14,35,0
7,8,0,7,0,7,14,0,0,0,0,0,0,0,0,0,21,29,50,14,7,14,7,15,0,0,7,0,7,0,0,0,0,0,0,0,0,21,0,15,7,14,14,15,14,35,0,22
0,7,0,7,14,0,0,0,0,0,0,0,0,0,21,29,50,14,7,14,7,15,0,0,7,0,7,0,0,0,0,0,0,0,0,21,0,15,7,14,14,15,14,35,0,22,14,21
0,7,14,0,0,0,0,0,0,0,0,0,21,29,50,14,7,14,7,15,0,0,7,0,7,0,0,0,0,0,0,0,0,21,0,15,7,14,14,15,14,35,0,22,14,21,29,0
7,14,0,0,0,0,0,0,0,0,0,21,29,50,14,7,14,7,15,0,0,7,0,7,0,0,0,0,0,0,0,0,21,0,15,7,14,14,15,14,35,0,22,14,21,29,0,43
14,0,0,0,0,0,0,0,0,0,21,29,50,14,7,14,7,15,0,0,7,0,7,0,0,0,0,0,0,0,0,21,0,15,7,14,14,15,14,35,0,22,14,21,29,0,43,0
0,0,0,0,0,0,0,0,0,21,29,50,14,7,14,7,15,0,0,7,0,7,0,0,0,0,0,0,0,0,21,0,15,7,14,14,15,14,35,0,22,14,21,29,0,43,0,0
0,0,0,0,0,0,0,0,21,29,50,14,7,14,7,15,0,0,7,0,7,0,0,0,0,0,0,0,0,21,0,15,7,14,14,15,14,35,0,22,14,21,29,0,43,0,0,0
0,0,0,0,0,0,0,21,29,50,14,7,14,7,15,0,0,7,0,7,0,0,0,0,0,0,0,0,21,0,15,7,14,14,15,14,35,0,22,14,21,29,0,43,0,0,0,0
0,0,0,0,0,0,21,29,50,14,7,14,7,15,0,0,7,0,7,0,0,0,0,0,0,0,0,21,0,15,7,14,14,15,14,35,0,22,14,21,29,0,43,0,0,0,0,0
0,0,0,0,0,21,29,50,14,7,14,7,15,0,0,7,0,7,0,0,0,0,0,0,0,0,21,0,15,7,14,14,15,14,35,0,22,14,21,29,0,43,0,0,0,0,0,0
0,0,0,0,21,29,50,14,7,14,7,15,0,0,7,0,7,0,0,0,0,0,0,0,0,21,0,15,7,14,14,15,14,35,0,22,14,21,29,0,43,0,0,0,0,0,0,0
0,0,0,21,29,50,14,7,14,7,15,0,0,7,0,7,0,0,0,0,0,0,0,0,21,0,15,7,14,14,15,14,35,0,22,14,21,29,0,43,0,0,0,0,0,0,0,0
0,0,21,29,50,14,7,14,7,15,0,0,7,0,7,0,0,0,0,0,0,0,0,21,0,15,7,14,14,15,14,35,0,22,14,21,29,0,43,0,0,0,0,0,0,0,0,0
0,21,29,50,14,7,14,7,15,0,0,7,0,7,0,0,0,0,0,0,0,0,21,0,15,7,14,14,15,14,35,0,22,14,21,29,0,43,0,0,0,0,0,0,0,0,0,0
29,50,14,7,14,7,15,0,0,7,0,7,0,0,0,0,0,0,0,0,21,0,15,7,14,14,15,14,35,0,22,14,21,29,0,43,0,0,0,0,0,0,0,0,0,0,0,21
50,14,7,14,7,15,0,0,7,0,7,0,0,0,0,0,0,0,0,21,0,15,7,14,14,15,14,35,0,22,14,21,29,0,43,0,0,0,0,0,0,0,0,0,0,0,21,29
14,7,14,7,15,0,0,7,0,7,0,0,0,0,0,0,0,0,21,0,15,7,14,14,15,14,35,0,22,14,21,29,0,43,0,0,0,0,0,0,0,0,0,0,0,21,29,7
7,14,7,15,0,0,7,0,7,0,0,0,0,0,0,0,0,21,0,15,7,14,14,15,14,35,0,22,14,21,29,0,43,0,0,0,0,0,0,0,0,0,0,0,21,29,7,7
14,7,15,0,0,7,0,7,0,0,0,0,0,0,0,0,21,0,15,7,14,14,15,14,35,0,22,14,21,29,0,43,0,0,0,0,0,0,0,0,0,0,0,21,29,7,7,14
7,15,0,0,7,0,7,0,0,0,0,0,0,0,0,21,0,15,7,14,14,15,14,35,0,22,14,21,29,0,43,0,0,0,0,0,0,0,0,0,0,0,21,29,7,7,14,0
15,0,0,7,0,7,0,0,0,0,0,0,0,0,21,0,15,7,14,14,15,14,35,0,22,14,21,29,0,43,0,0,0,0,0,0,0,0,0,0,0,21,29,7,7,14,0,0
0,0,7,0,7,0,0,0,0,0,0,0,0,21,0,15,7,14,14,15,14,35,0,22,14,21,29,0,43,0,0,0,0,0,0,0,0,0,0,0,21,29,7,7,14,0,0,7
0,7,0,7,0,0,0,0,0,0,0,0,21,0,15,7,14,14,15,14,35,0,22,14,21,29,0,43,0,0,0,0,0,0,0,0,0,0,0,21,29,7,7,14,0,0,7,0
7,0,0,0,0,0,0,0,0,21,0,15,7,14,14,15,14,35,0,22,14,21,29,0,43,0,0,0,0,0,0,0,0,0,0,0,21,29,7,7,14,0,0,7,0,7,7,0
0,0,0,0,0,0,0,0,21,0,15,7,14,14,15,14,35,0,22,14,21,29,0,43,0,0,0,0,0,0,0,0,0,0,0,21,29,7,7,14,0,0,7,0,7,7,0,0
0,0,0,0,0,0,0,21,0,15,7,14,14,15,14,35,0,22,14,21,29,0,43,0,0,0,0,0,0,0,0,0,0,0,21,29,7,7,14,0,0,7,0,7,7,0,0,0
0,0,0,0,0,21,0,15,7,14,14,15,14,35,0,22,14,21,29,0,43,0,0,0,0,0,0,0,0,0,0,0,21,29,7,7,14,0,0,7,0,7,7,0,0,0,0,0
0,0,0,0,21,0,15,7,14,14,15,14,35,0,22,14,21,29,0,43,0,0,0,0,0,0,0,0,0,0,0,21,29,7,7,14,0,0,7,0,7,7,0,0,0,0,0,0
0,0,21,0,15,7,14,14,15,14,35,0,22,14,21,29,0,43,0,0,0,0,0,0,0,0,0,0,0,21,29,7,7,14,0,0,7,0,7,7,0,0,0,0,0,0,0,0
21,0,15,7,14,14,15,14,35,0,22,14,21,29,0,43,0,0,0,0,0,0,0,0,0,0,0,21,29,7,7,14,0,0,7,0,7,7,0,0,0,0,0,0,0,0,0,0
0,15,7,14,14,15,14,35,0,22,14,21,29,0,43,0,0,0,0,0,0,0,0,0,0,0,21,29,7,7,14,0,0,7,0,7,7,0,0,0,0,0,0,0,0,0,0,0
7,14,14,15,14,35,0,22,14,21,29,0,43,0,0,0,0,0,0,0,0,0,0,0,21,29,7,7,14,0,0,7,0,7,7,0,0,0,0,0,0,0,0,0,0,0,0,7
14,15,14,35,0,22,14,21,29,0,43,0,0,0,0,0,0,0,0,0,0,0,21,29,7,7,14,0,0,7,0,7,7,0,0,0,0,0,0,0,0,0,0,0,0,7,0,43
14,35,0,22,14,21,29,0,43,0,0,0,0,0,0,0,0,0,0,0,21,29,7,7,14,0,0,7,0,7,7,0,0,0,0,0,0,0,0,0,0,0,0,7,0,43,14,21
35,0,22,14,21,29,0,43,0,0,0,0,0,0,0,0,0,0,0,21,29,7,7,14,0,0,7,0,7,7,0,0,0,0,0,0,0,0,0,0,0,0,7,0,43,14,21,14
0,22,14,21,29,0,43,0,0,0,0,0,0,0,0,0,0,0,21,29,7,7,14,0,0,7,0,7,7,0,0,0,0,0,0,0,0,0,0,0,0,7,0,43,14,21,14,0
22,14,21,29,0,43,0,0,0,0,0,0,0,0,0,0,0,21,29,7,7,14,0,0,7,0,7,7,0,0,0,0,0,0,0,0,0,0,0,0,7,0,43,14,21,14,0,7
14,21,29,0,43,0,0,0,0,0,0,0,0,0,0,0,21,29,7,7,14,0,0,7,0,7,7,0,0,0,0,0,0,0,0,0,0,0,0,7,0,43,14,21,14,0,7,0
21,29,0,43,0,0,0,0,0,0,0,0,0,0,0,21,29,7,7,14,0,0,7,0,7,7,0,0,0,0,0,0,0,0,0,0,0,0,7,0,43,14,21,14,0,7,0,14
29,0,43,0,0,0,0,0,0,0,0,0,0,0,21,29,7,7,14,0,0,7,0,7,7,0,0,0,0,0,0,0,0,0,0,0,0,7,0,43,14,21,14,0,7,0,14,0
0,43,0,0,0,0,0,0,0,0,0,0,0,21,29,7,7,14,0,0,7,0,7,7,0,0,0,0,0,0,0,0,0,0,0,0,7,0,43,14,21,14,0,7,0,14,0,7
43,0,0,0,0,0,0,0,0,0,0,0,21,29,7,7,14,0,0,7,0,7,7,0,0,0,0,0,0,0,0,0,0,0,0,7,0,43,14,21,14,0,7,0,14,0,7,14
0,0,0,0,0,0,0,0,0,0,0,21,29,7,7,14,0,0,7,0,7,7,0,0,0,0,0,0,0,0,0,0,0,0,7,0,43,14,21,14,0,7,0,14,0,7,14,0
0,0,0,0,0,0,0,0,0,21,29,7,7,14,0,0,7,0,7,7,0,0,0,0,0,0,0,0,0,0,0,0,7,0,43,14,21,14,0,7,0,14,0,7,14,0,0,0
0,0,0,0,0,0,0,0,21,29,7,7,14,0,0,7,0,7,7,0,0,0,0,0,0,0,0,0,0,0,0,7,0,43,14,21,14,0,7,0,14,0,7,14,0,0,0,0
0,0,0,0,0,0,0,21,29,7,7,14,0,0,7,0,7,7,0,0,0,0,0,0,0,0,0,0,0,0,7,0,43,14,21,14,0,7,0,14,0,7,14,0,0,0,0,0
0,0,0,0,0,0,21,29,7,7,14,0,0,7,0,7,7,0,0,0,0,0,0,0,0,0,0,0,0,7,0,43,14,21,14,0,7,0,14,0,7,14,0,0,0,0,0,8
0,0,0,0,0,21,29,7,7,14,0,0,7,0,7,7,0,0,0,0,0,0,0,0,0,0,0,0,7,0,43,14,21,14,0,7,0,14,0,7,14,0,0,0,0,0,8,0
0,0,0,0,21,29,7,7,14,0,0,7,0,7,7,0,0,0,0,0,0,0,0,0,0,0,0,7,0,43,14,21,14,0,7,0,14,0,7,14,0,0,0,0,0,8,0,0
0,21,29,7,7,14,0,0,7,0,7,7,0,0,0,0,0,0,0,0,0,0,0,0,7,0,43,14,21,14,0,7,0,14,0,7,14,0,0,0,0,0,8,0,0,7,0,14
7,7,14,0,0,7,0,7,7,0,0,0,0,0,0,0,0,0,0,0,0,7,0,43,14,21,14,0,7,0,14,0,7,14,0,0,0,0,0,8,0,0,7,0,14,7,22,14
7,14,0,0,7,0,7,7,0,0,0,0,0,0,0,0,0,0,0,0,7,0,43,14,21,14,0,7,0,14,0,7,14,0,0,0,0,0,8,0,0,7,0,14,7,22,14,36
14,0,0,7,0,7,7,0,0,0,0,0,0,0,0,0,0,0,0,7,0,43,14,21,14,0,7,0,14,0,7,14,0,0,0,0,0,8,0,0,7,0,14,7,22,14,36,7
0,0,7,0,7,7,0,0,0,0,0,0,0,0,0,0,0,0,7,0,43,14,21,14,0,7,0,14,0,7,14,0,0,0,0,0,8,0,0,7,0,14,7,22,14,36,7,21
7,0,7,7,0,0,0,0,0,0,0,0,0,0,0,0,7,0,43,14,21,14,0,7,0,14,0,7,14,0,0,0,0,0,8,0,0,7,0,14,7,22,14,36,7,21,0,0
0,7,7,0,0,0,0,0,0,0,0,0,0,0,0,7,0,43,14,21,14,0,7,0,14,0,7,14,0,0,0,0,0,8,0,0,7,0,14,7,22,14,36,7,21,0,0,7
7,7,0,0,0,0,0,0,0,0,0,0,0,0,7,0,43,14,21,14,0,7,0,14,0,7,14,0,0,0,0,0,8,0,0,7,0,14,7,22,14,36,7,21,0,0,7,0
7,0,0,0,0,0,0,0,0,0,0,0,0,7,0,43,14,21,14,0,7,0,14,0,7,14,0,0,0,0,0,8,0,0,7,0,14,7,22,14,36,7,21,0,0,7,0,14
0,0,0,0,0,0,0,0,0,0,0,0,7,0,43,14,21,14,0,7,0,14,0,7,14,0,0,0,0,0,8,0,0,7,0,14,7,22,14,36,7,21,0,0,7,0,14,0
0,0,0,0,0,0,0,0,0,0,0,7,0,43,14,21,14,0,7,0,14,0,7,14,0,0,0,0,0,8,0,0,7,0,14,7,22,14,36,7,21,0,0,7,0,14,0,14
0,0,0,0,0,0,0,0,0,7,0,43,14,21,14,0,7,0,14,0,7,14,0,0,0,0,0,8,0,0,7,0,14,7,22,14,36,7,21,0,0,7,0,14,0,14,0,0
0,0,0,0,0,0,0,0,7,0,43,14,21,14,0,7,0,14,0,7,14,0,0,0,0,0,8,0,0,7,0,14,7,22,14,36,7,21,0,0,7,0,14,0,14,0,0,0
0,0,0,0,0,0,0,7,0,43,14,21,14,0,7,0,14,0,7,14,0,0,0,0,0,8,0,0,7,0,14,7,22,14,36,7,21,0,0,7,0,14,0,14,0,0,0,0
0,0,0,0,0,0,7,0,43,14,21,14,0,7,0,14,0,7,14,0,0,0,0,0,8,0,0,7,0,14,7,22,14,36,7,21,0,0,7,0,14,0,14,0,0,0,0,0
0,0,0,0,0,7,0,43,14,21,14,0,7,0,14,0,7,14,0,0,0,0,0,8,0,0,7,0,14,7,22,14,36,7,21,0,0,7,0,14,0,14,0,0,0,0,0,0
0,0,0,0,7,0,43,14,21,14,0,7,0,14,0,7,14,0,0,0,0,0,8,0,0,7,0,14,7,22,14,36,7,21,0,0,7,0,14,0,14,0,0,0,0,0,0,0
0,0,7,0,43,14,21,14,0,7,0,14,0,7,14,0,0,0,0,0,8,0,0,7,0,14,7,22,14,36,7,21,0,0,7,0,14,0,14,0,0,0,0,0,0,0,0,0
0,7,0,43,14,21,14,0,7,0,14,0,7,14,0,0,0,0,0,8,0,0,7,0,14,7,22,14,36,7,21,0,0,7,0,14,0,14,0,0,0,0,0,0,0,0,0,7
7,0,43,14,21,14,0,7,0,14,0,7,14,0,0,0,0,0,8,0,0,7,0,14,7,22,14,36,7,21,0,0,7,0,14,0,14,0,0,0,0,0,0,0,0,0,7,15
0,43,14,21,14,0,7,0,14,0,7,14,0,0,0,0,0,8,0,0,7,0,14,7,22,14,36,7,21,0,0,7,0,14,0,14,0,0,0,0,0,0,0,0,0,7,15,0
43,14,21,14,0,7,0,14,0,7,14,0,0,0,0,0,8,0,0,7,0,14,7,22,14,36,7,21,0,0,7,0,14,0,14,0,0,0,0,0,0,0,0,0,7,15,0,21
14,21,14,0,7,0,14,0,7,14,0,0,0,0,0,8,0,0,7,0,14,7,22,14,36,7,21,0,0,7,0,14,0,14,0,0,0,0,0,0,0,0,0,7,15,0,21,7
21,14,0,7,0,14,0,7,14,0,0,0,0,0,8,0,0,7,0,14,7,22,14,36,7,21,0,0,7,0,14,0,14,0,0,0,0,0,0,0,0,0,7,15,0,21,7,7
14,0,7,0,14,0,7,14,0,0,0,0,0,8,0,0,7,0,14,7,22,14,36,7,21,0,0,7,0,14,0,14,0,0,0,0,0,0,0,0,0,7,15,0,21,7,7,36
0,7,0,14,0,7,14,0,0,0,0,0,8,0,0,7,0,14,7,22,14,36,7,21,0,0,7,0,14,0,14,0,0,0,0,0,0,0,0,0,7,15,0,21,7,7,36,0
0,14,0,7,14,0,0,0,0,0,8,0,0,7,0,14,7,22,14,36,7,21,0,0,7,0,14,0,14,0,0,0,0,0,0,0,0,0,7,15,0,21,7,7,36,0,7,0
14,0,7,14,0,0,0,0,0,8,0,0,7,0,14,7,22,14,36,7,21,0,0,7,0,14,0,14,0,0,0,0,0,0,0,0,0,7,15,0,21,7,7,36,0,7,0,0
7,14,0,0,0,0,0,8,0,0,7,0,14,7,22,14,36,7,21,0,0,7,0,14,0,14,0,0,0,0,0,0,0,0,0,7,15,0,21,7,7,36,0,7,0,0,7,8
0,0,0,0,0,8,0,0,7,0,14,7,22,14,36,7,21,0,0,7,0,14,0,14,0,0,0,0,0,0,0,0,0,7,15,0,21,7,7,36,0,7,0,0,7,8,7,0
0,0,0,0,8,0,0,7,0,14,7,22,14,36,7,21,0,0,7,0,14,0,14,0,0,0,0,0,0,0,0,0,7,15,0,21,7,7,36,0,7,0,0,7,8,7,0,0
0,0,8,0,0,7,0,14,7,22,14,36,7,21,0,0,7,0,14,0,14,0,0,0,0,0,0,0,0,0,7,15,0,21,7,7,36,0,7,0,0,7,8,7,0,0,0,0
8,0,0,7,0,14,7,22,14,36,7,21,0,0,7,0,14,0,14,0,0,0,0,0,0,0,0,0,7,15,0,21,7,7,36,0,7,0,0,7,8,7,0,0,0,0,0,0
0,7,0,14,7,22,14,36,7,21,0,0,7,0,14,0,14,0,0,0,0,0,0,0,0,0,7,15,0,21,7,7,36,0,7,0,0,7,8,7,0,0,0,0,0,0,0,0
7,22,14,36,7,21,0,0,7,0,14,0,14,0,0,0,0,0,0,0,0,0,7,15,0,21,7,7,36,0,7,0,0,7,8,7,0,0,0,0,0,0,0,0,0,0,0,0
22,14,36,7,21,0,0,7,0,14,0,14,0,0,0,0,0,0,0,0,0,7,15,0,21,7,7,36,0,7,0,0,7,8,7,0,0,0,0,0,0,0,0,0,0,0,0,21
21,0,0,7,0,14,0,14,0,0,0,0,0,0,0,0,0,7,15,0,21,7,7,36,0,7,0,0,7,8,7,0,0,0,0,0,0,0,0,0,0,0,0,21,14,0,22,7
0,7,0,14,0,14,0,0,0,0,0,0,0,0,0,7,15,0,21,7,7,36,0,7,0,0,7,8,7,0,0,0,0,0,0,0,0,0,0,0,0,21,14,0,22,7,7,0
7,0,14,0,14,0,0,0,0,0,0,0,0,0,7,15,0,21,7,7,36,0,7,0,0,7,8,7,0,0,0,0,0,0,0,0,0,0,0,0,21,14,0,22,7,7,0,0
0,14,0,14,0,0,0,0,0,0,0,0,0,7,15,0,21,7,7,36,0,7,0,0,7,8,7,0,0,0,0,0,0,0,0,0,0,0,0,21,14,0,22,7,7,0,0,0
14,0,14,0,0,0,0,0,0,0,0,0,7,15,0,21,7,7,36,0,7,0,0,7,8,7,0,0,0,0,0,0,0,0,0,0,0,0,21,14,0,22,7,7,0,0,0,28
0,0,0,0,0,0,0,0,7,15,0,21,7,7,36,0,7,0,0,7,8,7,0,0,0,0,0,0,0,0,0,0,0,0,21,14,0,22,7,7,0,0,0,28,7,7,14,0
0,0,0,0,0,7,15,0,21,7,7,36,0,7,0,0,7,8,7,0,0,0,0,0,0,0,0,0,0,0,0,21,14,0,22,7,7,0,0,0,28,7,7,14,0,0,0,0
0,0,0,0,7,15,0,21,7,7,36,0,7,0,0,7,8,7,0,0,0,0,0,0,0,0,0,0,0,0,21,14,0,22,7,7,0,0,0,28,7,7,14,0,0,0,0,0
0,0,7,15,0,21,7,7,36,0,7,0,0,7,8,7,0,0,0,0,0,0,0,0,0,0,0,0,21,14,0,22,7,7,0,0,0,28,7,7,14,0,0,0,0,0,0,0
7,15,0,21,7,7,36,0,7,0,0,7,8,7,0,0,0,0,0,0,0,0,0,0,0,0,21,14,0,22,7,7,0,0,0,28,7,7,14,0,0,0,0,0,0,0,0,0
15,0,21,7,7,36,0,7,0,0,7,8,7,0,0,0,0,0,0,0,0,0,0,0,0,21,14,0,22,7,7,0,0,0,28,7,7,14,0,0,0,0,0,0,0,0,0,0
0,21,7,7,36,0,7,0,0,7,8,7,0,0,0,0,0,0,0,0,0,0,0,0,21,14,0,22,7,7,0,0,0,28,7,7,14,0,0,0,0,0,0,0,0,0,0,7
7,7,36,0,7,0,0,7,8,7,0,0,0,0,0,0,0,0,0,0,0,0,21,14,0,22,7,7,0,0,0,28,7,7,14,0,0,0,0,0,0,0,0,0,0,7,14,14
36,0,7,0,0,7,8,7,0,0,0,0,0,0,0,0,0,0,0,0,21,14,0,22,7,7,0,0,0,28,7,7,14,0,0,0,0,0,0,0,0,0,0,7,14,14,7,14
0,7,0,0,7,8,7,0,0,0,0,0,0,0,0,0,0,0,0,21,14,0,22,7,7,0,0,0,28,7,7,14,0,0,0,0,0,0,0,0,0,0,7,14,14,7,14,0
7,0,0,7,8,7,0,0,0,0,0,0,0,0,0,0,0,0,21,14,0,22,7,7,0,0,0,28,7,7,14,0,0,0,0,0,0,0,0,0,0,7,14,14,7,14,0,7
0,0,7,8,7,0,0,0,0,0,0,0,0,0,0,0,0,21,14,0,22,7,7,0,0,0,28,7,7,14,0,0,0,0,0,0,0,0,0,0,7,14,14,7,14,0,7,36
7,8,7,0,0,0,0,0,0,0,0,0,0,0,0,21,14,0,22,7,7,0,0,0,28,7,7,14,0,0,0,0,0,0,0,0,0,0,7,14,14,7,14,0,7,36,0,0
8,7,0,0,0,0,0,0,0,0,0,0,0,0,21,14,0,22,7,7,0,0,0,28,7,7,14,0,0,0,0,0,0,0,0,0,0,7,14,14,7,14,0,7,36,0,0,14
7,0,0,0,0,0,0,0,0,0,0,0,0,21,14,0,22,7,7,0,0,0,28,7,7,14,0,0,0,0,0,0,0,0,0,0,7,14,14,7,14,0,7,36,0,0,14,0
0,0,0,0,0,0,0,0,0,0,0,21,14,0,22,7,7,0,0,0,28,7,7,14,0,0,0,0,0,0,0,0,0,0,7,14,14,7,14,0,7,36,0,0,14,0,0,0
0,0,0,0,0,0,0,0,0,0,21,14,0,22,7,7,0,0,0,28,7,7,14,0,0,0,0,0,0,0,0,0,0,7,14,14,7,14,0,7,36,0,0,14,0,0,0,7
0,0,0,0,0,0,0,0,0,21,14,0,22,7,7,0,0,0,28,7,7,14,0,0,0,0,0,0,0,0,0,0,7,14,14,7,14,0,7,36,0,0,14,0,0,0,7,0
0,0,0,0,0,0,0,0,21,14,0,22,7,7,0,0,0,28,7,7,14,0,0,0,0,0,0,0,0,0,0,7,14,14,7,14,0,7,36,0,0,14,0,0,0,7,0,0
0,0,0,0,0,0,0,21,14,0,22,7,7,0,0,0,28,7,7,14,0,0,0,0,0,0,0,0,0,0,7,14,14,7,14,0,7,36,0,0,14,0,0,0,7,0,0,0
0,0,0,0,0,0,21,14,0,22,7,7,0,0,0,28,7,7,14,0,0,0,0,0,0,0,0,0,0,7,14,14,7,14,0,7,36,0,0,14,0,0,0,7,0,0,0,0
0,0,0,0,0,21,14,0,22,7,7,0,0,0,28,7,7,14,0,0,0,0,0,0,0,0,0,0,7,14,14,7,14,0,7,36,0,0,14,0,0,0,7,0,0,0,0,0
0,0,0,0,21,14,0,22,7,7,0,0,0,28,7,7,14,0,0,0,0,0,0,0,0,0,0,7,14,14,7,14,0,7,36,0,0,14,0,0,0,7,0,0,0,0,0,0
21,14,0,22,7,7,0,0,0,28,7,7,14,0,0,0,0,0,0,0,0,0,0,7,14,14,7,14,0,7,36,0,0,14,0,0,0,7,0,0,0,0,0,0,0,0,21,0
14,0,22,7,7,0,0,0,28,7,7,14,0,0,0,0,0,0,0,0,0,0,7,14,14,7,14,0,7,36,0,0,14,0,0,0,7,0,0,0,0,0,0,0,0,21,0,0
22,7,7,0,0,0,28,7,7,14,0,0,0,0,0,0,0,0,0,0,7,14,14,7,14,0,7,36,0,0,14,0,0,0,7,0,0,0,0,0,0,0,0,21,0,0,36,21
7,7,0,0,0,28,7,7,14,0,0,0,0,0,0,0,0,0,0,7,14,14,7,14,0,7,36,0,0,14,0,0,0,7,0,0,0,0,0,0,0,0,21,0,0,36,21,21
7,0,0,0,28,7,7,14,0,0,0,0,0,0,0,0,0,0,7,14,14,7,14,0,7,36,0,0,14,0,0,0,7,0,0,0,0,0,0,0,0,21,0,0,36,21,21,14
0,0,0,28,7,7,14,0,0,0,0,0,0,0,0,0,0,7,14,14,7,14,0,7,36,0,0,14,0,0,0,7,0,0,0,0,0,0,0,0,21,0,0,36,21,21,14,0
28,7,7,14,0,0,0,0,0,0,0,0,0,0,7,14,14,7,14,0,7,36,0,0,14,0,0,0,7,0,0,0,0,0,0,0,0,21,0,0,36,21,21,14,0,0,7,14
7,7,14,0,0,0,0,0,0,0,0,0,0,7,14,14,7,14,0,7,36,0,0,14,0,0,0,7,0,0,0,0,0,0,0,0,21,0,0,36,21,21,14,0,0,7,14,7
7,14,0,0,0,0,0,0,0,0,0,0,7,14,14,7,14,0,7,36,0,0,14,0,0,0,7,0,0,0,0,0,0,0,0,21,0,0,36,21,21,14,0,0,7,14,7,7
14,0,0,0,0,0,0,0,0,0,0,7,14,14,7,14,0,7,36,0,0,14,0,0,0,7,0,0,0,0,0,0,0,0,21,0,0,36,21,21,14,0,0,7,14,7,7,14
0,0,0,0,0,0,0,0,0,0,7,14,14,7,14,0,7,36,0,0,14,0,0,0,7,0,0,0,0,0,0,0,0,21,0,0,36,21,21,14,0,0,7,14,7,7,14,0
0,0,0,0,0,0,0,0,0,7,14,14,7,14,0,7,36,0,0,14,0,0,0,7,0,0,0,0,0,0,0,0,21,0,0,36,21,21,14,0,0,7,14,7,7,14,0,0
0,0,0,0,0,0,0,0,7,14,14,7,14,0,7,36,0,0,14,0,0,0,7,0,0,0,0,0,0,0,0,21,0,0,36,21,21,14,0,0,7,14,7,7,14,0,0,0
0,0,0,0,0,7,14,14,7,14,0,7,36,0,0,14,0,0,0,7,0,0,0,0,0,0,0,0,21,0,0,36,21,21,14,0,0,7,14,7,7,14,0,0,0,0,0,0
0,0,0,7,14,14,7,14,0,7,36,0,0,14,0,0,0,7,0,0,0,0,0,0,0,0,21,0,0,36,21,21,14,0,0,7,14,7,7,14,0,0,0,0,0,0,0,0
0,0,7,14,14,7,14,0,7,36,0,0,14,0,0,0,7,0,0,0,0,0,0,0,0,21,0,0,36,21,21,14,0,0,7,14,7,7,14,0,0,0,0,0,0,0,0,0
0,7,14,14,7,14,0,7,36,0,0,14,0,0,0,7,0,0,0,0,0,0,0,0,21,0,0,36,21,21,14,0,0,7,14,7,7,14,0,0,0,0,0,0,0,0,0,0
7,14,14,7,14,0,7,36,0,0,14,0,0,0,7,0,0,0,0,0,0,0,0,21,0,0,36,21,21,14,0,0,7,14,7,7,14,0,0,0,0,0,0,0,0,0,0,0
7,14,0,7,36,0,0,14,0,0,0,7,0,0,0,0,0,0,0,0,21,0,0,36,21,21,14,0,0,7,14,7,7,14,0,0,0,0,0,0,0,0,0,0,0,7,7,7
14,0,7,36,0,0,14,0,0,0,7,0,0,0,0,0,0,0,0,21,0,0,36,21,21,14,0,0,7,14,7,7,14,0,0,0,0,0,0,0,0,0,0,0,7,7,7,22
0,7,36,0,0,14,0,0,0,7,0,0,0,0,0,0,0,0,21,0,0,36,21,21,14,0,0,7,14,7,7,14,0,0,0,0,0,0,0,0,0,0,0,7,7,7,22,21
0,0,14,0,0,0,7,0,0,0,0,0,0,0,0,21,0,0,36,21,21,14,0,0,7,14,7,7,14,0,0,0,0,0,0,0,0,0,0,0,7,7,7,22,21,14,28,0
14,0,0,0,7,0,0,0,0,0,0,0,0,21,0,0,36,21,21,14,0,0,7,14,7,7,14,0,0,0,0,0,0,0,0,0,0,0,7,7,7,22,21,14,28,0,7,15
0,0,0,7,0,0,0,0,0,0,0,0,21,0,0,36,21,21,14,0,0,7,14,7,7,14,0,0,0,0,0,0,0,0,0,0,0,7,7,7,22,21,14,28,0,7,15,7
0,0,7,0,0,0,0,0,0,0,0,21,0,0,36,21,21,14,0,0,7,14,7,7,14,0,0,0,0,0,0,0,0,0,0,0,7,7,7,22,21,14,28,0,7,15,7,7
0,7,0,0,0,0,0,0,0,0,21,0,0,36,21,21,14,0,0,7,14,7,7,14,0,0,0,0,0,0,0,0,0,0,0,7,7,7,22,21,14,28,0,7,15,7,7,7
0,0,0,0,0,0,0,0,21,0,0,36,21,21,14,0,0,7,14,7,7,14,0,0,0,0,0,0,0,0,0,0,0,7,7,7,22,21,14,28,0,7,15,7,7,7,0,0
0,0,0,0,0,0,21,0,0,36,21,21,14,0,0,7,14,7,7,14,0,0,0,0,0,0,0,0,0,0,0,7,7,7,22,21,14,28,0,7,15,7,7,7,0,0,21,0
0,0,0,0,0,21,0,0,36,21,21,14,0,0,7,14,7,7,14,0,0,0,0,0,0,0,0,0,0,0,7,7,7,22,21,14,28,0,7,15,7,7,7,0,0,21,0,0
0,0,0,0,21,0,0,36,21,21,14,0,0,7,14,7,7,14,0,0,0,0,0,0,0,0,0,0,0,7,7,7,22,21,14,28,0,7,15,7,7,7,0,0,21,0,0,0
0,0,0,21,0,0,36,21,21,14,0,0,7,14,7,7,14,0,0,0,0,0,0,0,0,0,0,0,7,7,7,22,21,14,28,0,7,15,7,7,7,0,0,21,0,0,0,0
0,0,21,0,0,36,21,21,14,0,0,7,14,7,7,14,0,0,0,0,0,0,0,0,0,0,0,7,7,7,22,21,14,28,0,7,15,7,7,7,0,0,21,0,0,0,0,0
0,21,0,0,36,21,21,14,0,0,7,14,7,7,14,0,0,0,0,0,0,0,0,0,0,0,7,7,7,22,21,14,28,0,7,15,7,7,7,0,0,21,0,0,0,0,0,0
21,0,0,36,21,21,14,0,0,7,14,7,7,14,0,0,0,0,0,0,0,0,0,0,0,7,7,7,22,21,14,28,0,7,15,7,7,7,0,0,21,0,0,0,0,0,0,0
0,0,36,21,21,14,0,0,7,14,7,7,14,0,0,0,0,0,0,0,0,0,0,0,7,7,7,22,21,14,28,0,7,15,7,7,7,0,0,21,0,0,0,0,0,0,0,0
0,36,21,21,14,0,0,7,14,7,7,14,0,0,0,0,0,0,0,0,0,0,0,7,7,7,22,21,14,28,0,7,15,7,7,7,0,0,21,0,0,0,0,0,0,0,0,0
36,21,21,14,0,0,7,14,7,7,14,0,0,0,0,0,0,0,0,0,0,0,7,7,7,22,21,14,28,0,7,15,7,7,7,0,0,21,0,0,0,0,0,0,0,0,0,0
21,21,14,0,0,7,14,7,7,14,0,0,0,0,0,0,0,0,0,0,0,7,7,7,22,21,14,28,0,7,15,7,7,7,0,0,21,0,0,0,0,0,0,0,0,0,0,8
14,0,0,7,14,7,7,14,0,0,0,0,0,0,0,0,0,0,0,7,7,7,22,21,14,28,0,7,15,7,7,7,0,0,21,0,0,0,0,0,0,0,0,0,0,8,14,7
0,0,7,14,7,7,14,0,0,0,0,0,0,0,0,0,0,0,7,7,7,22,21,14,28,0,7,15,7,7,7,0,0,21,0,0,0,0,0,0,0,0,0,0,8,14,7,7
0,7,14,7,7,14,0,0,0,0,0,0,0,0,0,0,0,7,7,7,22,21,14,28,0,7,15,7,7,7,0,0,21,0,0,0,0,0,0,0,0,0,0,8,14,7,7,7
14,7,7,14,0,0,0,0,0,0,0,0,0,0,0,7,7,7,22,21,14,28,0,7,15,7,7,7,0,0,21,0,0,0,0,0,0,0,0,0,0,8,14,7,7,7,0,7
7,7,14,0,0,0,0,0,0,0,0,0,0,0,7,7,7,22,21,14,28,0,7,15,7,7,7,0,0,21,0,0,0,0,0,0,0,0,0,0,8,14,7,7,7,0,7,0
7,14,0,0,0,0,0,0,0,0,0,0,0,7,7,7,22,21,14,28,0,7,15,7,7,7,0,0,21,0,0,0,0,0,0,0,0,0,0,8,14,7,7,7,0,7,0,7
14,0,0,0,0,0,0,0,0,0,0,0,7,7,7,22,21,14,28,0,7,15,7,7,7,0,0,21,0,0,0,0,0,0,0,0,0,0,8,14,7,7,7,0,7,0,7,0
0,0,0,0,0,0,0,0,0,0,0,7,7,7,22,21,14,28,0,7,15,7,7,7,0,0,21,0,0,0,0,0,0,0,0,0,0,8,14,7,7,7,0,7,0,7,0,7
0,0,0,0,0,0,0,0,0,0,7,7,7,22,21,14,28,0,7,15,7,7,7,0,0,21,0,0,0,0,0,0,0,0,0,0,8,14,7,7,7,0,7,0,7,0,7,7
0,0,0,0,0,0,0,0,0,7,7,7,22,21,14,28,0,7,15,7,7,7,0,0,21,0,0,0,0,0,0,0,0,0,0,8,14,7,7,7,0,7,0,7,0,7,7,0
0,0,0,0,0,0,0,0,7,7,7,22,21,14,28,0,7,15,7,7,7,0,0,21,0,0,0,0,0,0,0,0,0,0,8,14,7,7,7,0,7,0,7,0,7,7,0,7
0,0,0,0,0,0,0,7,7,7,22,21,14,28,0,7,15,7,7,7,0,0,21,0,0,0,0,0,0,0,0,0,0,8,14,7,7,7,0,7,0,7,0,7,7,0,7,0
0,0,0,0,0,0,7,7,7,22,21,14,28,0,7,15,7,7,7,0,0,21,0,0,0,0,0,0,0,0,0,0,8,14,7,7,7,0,7,0,7,0,7,7,0,7,0,0
0,0,0,0,0,7,7,7,22,21,14,28,0,7,15,7,7,7,0,0,21,0,0,0,0,0,0,0,0,0,0,8,14,7,7,7,0,7,0,7,0,7,7,0,7,0,0,0
0,7,7,7,22,21,14,28,0,7,15,7,7,7,0,0,21,0,0,0,0,0,0,0,0,0,0,8,14,7,7,7,0,7,0,7,0,7,7,0,7,0,0,0,0,0,7,0
7,7,7,22,21,14,28,0,7,15,7,7,7,0,0,21,0,0,0,0,0,0,0,0,0,0,8,14,7,7,7,0,7,0,7,0,7,7,0,7,0,0,0,0,0,7,0,0
7,22,21,14,28,0,7,15,7,7,7,0,0,21,0,0,0,0,0,0,0,0,0,0,8,14,7,7,7,0,7,0,7,0,7,7,0,7,0,0,0,0,0,7,0,0,0,0
22,21,14,28,0,7,15,7,7,7,0,0,21,0,0,0,0,0,0,0,0,0,0,8,14,7,7,7,0,7,0,7,0,7,7,0,7,0,0,0,0,0,7,0,0,0,0,14
14,28,0,7,15,7,7,7,0,0,21,0,0,0,0,0,0,0,0,0,0,8,14,7,7,7,0,7,0,7,0,7,7,0,7,0,0,0,0,0,7,0,0,0,0,14,15,7
28,0,7,15,7,7,7,0,0,21,0,0,0,0,0,0,0,0,0,0,8,14,7,7,7,0,7,0,7,0,7,7,0,7,0,0,0,0,0,7,0,0,0,0,14,15,7,14
15,7,7,7,0,0,21,0,0,0,0,0,0,0,0,0,0,8,14,7,7,7,0,7,0,7,0,7,7,0,7,0,0,0,0,0,7,0,0,0,0,14,15,7,14,7,0,7
7,7,7,0,0,21,0,0,0,0,0,0,0,0,0,0,8,14,7,7,7,0,7,0,7,0,7,7,0,7,0,0,0,0,0,7,0,0,0,0,14,15,7,14,7,0,7,0
7,0,0,21,0,0,0,0,0,0,0,0,0,0,8,14,7,7,7,0,7,0,7,0,7,7,0,7,0,0,0,0,0,7,0,0,0,0,14,15,7,14,7,0,7,0,14,0
0,0,21,0,0,0,0,0,0,0,0,0,0,8,14,7,7,7,0,7,0,7,0,7,7,0,7,0,0,0,0,0,7,0,0,0,0,14,15,7,14,7,0,7,0,14,0,8
0,21,0,0,0,0,0,0,0,0,0,0,8,14,7,7,7,0,7,0,7,0,7,7,0,7,0,0,0,0,0,7,0,0,0,0,14,15,7,14,7,0,7,0,14,0,8,0
21,0,0,0,0,0,0,0,0,0,0,8,14,7,7,7,0,7,0,7,0,7,7,0,7,0,0,0,0,0,7,0,0,0,0,14,15,7,14,7,0,7,0,14,0,8,0,0
0,0,0,0,0,0,0,0,0,0,8,14,7,7,7,0,7,0,7,0,7,7,0,7,0,0,0,0,0,7,0,0,0,0,14,15,7,14,7,0,7,0,14,0,8,0,0,0
0,0,0,0,0,0,0,0,0,8,14,7,7,7,0,7,0,7,0,7,7,0,7,0,0,0,0,0,7,0,0,0,0,14,15,7,14,7,0,7,0,14,0,8,0,0,0,0
0,0,0,0,0,0,0,0,8,14,7,7,7,0,7,0,7,0,7,7,0,7,0,0,0,0,0,7,0,0,0,0,14,15,7,14,7,0,7,0,14,0,8,0,0,0,0,0
0,0,0,0,0,0,0,8,14,7,7,7,0,7,0,7,0,7,7,0,7,0,0,0,0,0,7,0,0,0,0,14,15,7,14,7,0,7,0,14,0,8,0,0,0,0,0,0
0,0,0,0,0,8,14,7,7,7,0,7,0,7,0,7,7,0,7,0,0,0,0,0,7,0,0,0,0,14,15,7,14,7,0,7,0,14,0,8,0,0,0,0,0,0,0,0
0,0,0,0,8,14,7,7,7,0,7,0,7,0,7,7,0,7,0,0,0,0,0,7,0,0,0,0,14,15,7,14,7,0,7,0,14,0,8,0,0,0,0,0,0,0,0,0
0,0,0,8,14,7,7,7,0,7,0,7,0,7,7,0,7,0,0,0,0,0,7,0,0,0,0,14,15,7,14,7,0,7,0,14,0,8,0,0,0,0,0,0,0,0,0,0
0,0,8,14,7,7,7,0,7,0,7,0,7,7,0,7,0,0,0,0,0,7,0,0,0,0,14,15,7,14,7,0,7,0,14,0,8,0,0,0,0,0,0,0,0,0,0,7
0,8,14,7,7,7,0,7,0,7,0,7,7,0,7,0,0,0,0,0,7,0,0,0,0,14,15,7,14,7,0,7,0,14,0,8,0,0,0,0,0,0,0,0,0,0,7,7
8,14,7,7,7,0,7,0,7,0,7,7,0,7,0,0,0,0,0,7,0,0,0,0,14,15,7,14,7,0,7,0,14,0,8,0,0,0,0,0,0,0,0,0,0,7,7,7
7,7,7,0,7,0,7,0,7,7,0,7,0,0,0,0,0,7,0,0,0,0,14,15,7,14,7,0,7,0,14,0,8,0,0,0,0,0,0,0,0,0,0,7,7,7,21,7
7,7,0,7,0,7,0,7,7,0,7,0,0,0,0,0,7,0,0,0,0,14,15,7,14,7,0,7,0,14,0,8,0,0,0,0,0,0,0,0,0,0,7,7,7,21,7,21
7,0,7,0,7,0,7,7,0,7,0,0,0,0,0,7,0,0,0,0,14,15,7,14,7,0,7,0,14,0,8,0,0,0,0,0,0,0,0,0,0,7,7,7,21,7,21,22
7,0,7,0,7,7,0,7,0,0,0,0,0,7,0,0,0,0,14,15,7,14,7,0,7,0,14,0,8,0,0,0,0,0,0,0,0,0,0,7,7,7,21,7,21,22,7,21
0,7,0,7,7,0,7,0,0,0,0,0,7,0,0,0,0,14,15,7,14,7,0,7,0,14,0,8,0,0,0,0,0,0,0,0,0,0,7,7,7,21,7,21,22,7,21,7
7,0,7,7,0,7,0,0,0,0,0,7,0,0,0,0,14,15,7,14,7,0,7,0,14,0,8,0,0,0,0,0,0,0,0,0,0,7,7,7,21,7,21,22,7,21,7,15
0,7,7,0,7,0,0,0,0,0,7,0,0,0,0,14,15,7,14,7,0,7,0,14,0,8,0,0,0,0,0,0,0,0,0,0,7,7,7,21,7,21,22,7,21,7,15,28
7,7,0,7,0,0,0,0,0,7,0,0,0,0,14,15,7,14,7,0,7,0,14,0,8,0,0,0,0,0,0,0,0,0,0,7,7,7,21,7,21,22,7,21,7,15,28,7
7,0,7,0,0,0,0,0,7,0,0,0,0,14,15,7,14,7,0,7,0,14,0,8,0,0,0,0,0,0,0,0,0,0,7,7,7,21,7,21,22,7,21,7,15,28,7,7
7,0,0,0,0,0,7,0,0,0,0,14,15,7,14,7,0,7,0,14,0,8,0,0,0,0,0,0,0,0,0,0,7,7,7,21,7,21,22,7,21,7,15,28,7,7,15,0
0,0,0,0,0,7,0,0,0,0,14,15,7,14,7,0,7,0,14,0,8,0,0,0,0,0,0,0,0,0,0,7,7,7,21,7,21,22,7,21,7,15,28,7,7,15,0,7
0,0,0,0,7,0,0,0,0,14,15,7,14,7,0,7,0,14,0,8,0,0,0,0,0,0,0,0,0,0,7,7,7,21,7,21,22,7,21,7,15,28,7,7,15,0,7,0
0,0,0,7,0,0,0,0,14,15,7,14,7,0,7,0,14,0,8,0,0,0,0,0,0,0,0,0,0,7,7,7,21,7,21,22,7,21,7,15,28,7,7,15,0,7,0,0
0,0,7,0,0,0,0,14,15,7,14,7,0,7,0,14,0,8,0,0,0,0,0,0,0,0,0,0,7,7,7,21,7,21,22,7,21,7,15,28,7,7,15,0,7,0,0,0
0,7,0,0,0,0,14,15,7,14,7,0,7,0,14,0,8,0,0,0,0,0,0,0,0,0,0,7,7,7,21,7,21,22,7,21,7,15,28,7,7,15,0,7,0,0,0,7
7,0,0,0,0,14,15,7,14,7,0,7,0,14,0,8,0,0,0,0,0,0,0,0,0,0,7,7,7,21,7,21,22,7,21,7,15,28,7,7,15,0,7,0,0,0,7,0
0,14,15,7,14,7,0,7,0,14,0,8,0,0,0,0,0,0,0,0,0,0,7,7,7,21,7,21,22,7,21,7,15,28,7,7,15,0,7,0,0,0,7,0,0,0,0,0
14,15,7,14,7,0,7,0,14,0,8,0,0,0,0,0,0,0,0,0,0,7,7,7,21,7,21,22,7,21,7,15,28,7,7,15,0,7,0,0,0,7,0,0,0,0,0,14
15,7,14,7,0,7,0,14,0,8,0,0,0,0,0,0,0,0,0,0,7,7,7,21,7,21,22,7,21,7,15,28,7,7,15,0,7,0,0,0,7,0,0,0,0,0,14,29
7,14,7,0,7,0,14,0,8,0,0,0,0,0,0,0,0,0,0,7,7,7,21,7,21,22,7,21,7,15,28,7,7,15,0,7,0,0,0,7,0,0,0,0,0,14,29,7
14,7,0,7,0,14,0,8,0,0,0,0,0,0,0,0,0,0,7,7,7,21,7,21,22,7,21,7,15,28,7,7,15,0,7,0,0,0,7,0,0,0,0,0,14,29,7,0
7,0,7,0,14,0,8,0,0,0,0,0,0,0,0,0,0,7,7,7,21,7,21,22,7,21,7,15,28,7,7,15,0,7,0,0,0,7,0,0,0,0,0,14,29,7,0,35
0,7,0,14,0,8,0,0,0,0,0,0,0,0,0,0,7,7,7,21,7,21,22,7,21,7,15,28,7,7,15,0,7,0,0,0,7,0,0,0,0,0,14,29,7,0,35,0
7,0,14,0,8,0,0,0,0,0,0,0,0,0,0,7,7,7,21,7,21,22,7,21,7,15,28,7,7,15,0,7,0,0,0,7,0,0,0,0,0,14,29,7,0,35,0,0
0,14,0,8,0,0,0,0,0,0,0,0,0,0,7,7,7,21,7,21,22,7,21,7,15,28,7,7,15,0,7,0,0,0,7,0,0,0,0,0,14,29,7,0,35,0,0,29
14,0,8,0,0,0,0,0,0,0,0,0,0,7,7,7,21,7,21,22,7,21,7,15,28,7,7,15,0,7,0,0,0,7,0,0,0,0,0,14,29,7,0,35,0,0,29,14
0,8,0,0,0,0,0,0,0,0,0,0,7,7,7,21,7,21,22,7,21,7,15,28,7,7,15,0,7,0,0,0,7,0,0,0,0,0,14,29,7,0,35,0,0,29,14,14
8,0,0,0,0,0,0,0,0,0,0,7,7,7,21,7,21,22,7,21,7,15,28,7,7,15,0,7,0,0,0,7,0,0,0,0,0,14,29,7,0,35,0,0,29,14,14,7
0,0,0,0,0,0,0,0,0,0,7,7,7,21,7,21,22,7,21,7,15,28,7,7,15,0,7,0,0,0,7,0,0,0,0,0,14,29,7,0,35,0,0,29,14,14,7,7
0,0,0,0,0,0,0,0,0,7,7,7,21,7,21,22,7,21,7,15,28,7,7,15,0,7,0,0,0,7,0,0,0,0,0,14,29,7,0,35,0,0,29,14,14,7,7,0
0,0,0,0,0,0,7,7,7,21,7,21,22,7,21,7,15,28,7,7,15,0,7,0,0,0,7,0,0,0,0,0,14,29,7,0,35,0,0,29,14,14,7,7,0,0,0,0
0,0,0,0,7,7,7,21,7,21,22,7,21,7,15,28,7,7,15,0,7,0,0,0,7,0,0,0,0,0,14,29,7,0,35,0,0,29,14,14,7,7,0,0,0,0,0,0
0,0,0,7,7,7,21,7,21,22,7,21,7,15,28,7,7,15,0,7,0,0,0,7,0,0,0,0,0,14,29,7,0,35,0,0,29,14,14,7,7,0,0,0,0,0,0,0
0,0,7,7,7,21,7,21,22,7,21,7,15,28,7,7,15,0,7,0,0,0,7,0,0,0,0,0,14,29,7,0,35,0,0,29,14,14,7,7,0,0,0,0,0,0,0,0
0,7,7,7,21,7,21,22,7,21,7,15,28,7,7,15,0,7,0,0,0,7,0,0,0,0,0,14,29,7,0,35,0,0,29,14,14,7,7,0,0,0,0,0,0,0,0,0
7,7,7,21,7,21,22,7,21,7,15,28,7,7,15,0,7,0,0,0,7,0,0,0,0,0,14,29,7,0,35,0,0,29,14,14,7,7,0,0,0,0,0,0,0,0,0,0
7,7,21,7,21,22,7,21,7,15,28,7,7,15,0,7,0,0,0,7,0,0,0,0,0,14,29,7,0,35,0,0,29,14,14,7,7,0,0,0,0,0,0,0,0,0,0,0
7,21,7,21,22,7,21,7,15,28,7,7,15,0,7,0,0,0,7,0,0,0,0,0,14,29,7,0,35,0,0,29,14,14,7,7,0,0,0,0,0,0,0,0,0,0,0,14
21,7,21,22,7,21,7,15,28,7,7,15,0,7,0,0,0,7,0,0,0,0,0,14,29,7,0,35,0,0,29,14,14,7,7,0,0,0,0,0,0,0,0,0,0,0,14,29
7,21,22,7,21,7,15,28,7,7,15,0,7,0,0,0,7,0,0,0,0,0,14,29,7,0,35,0,0,29,14,14,7,7,0,0,0,0,0,0,0,0,0,0,0,14,29,0
21,22,7,21,7,15,28,7,7,15,0,7,0,0,0,7,0,0,0,0,0,14,29,7,0,35,0,0,29,14,14,7,7,0,0,0,0,0,0,0,0,0,0,0,14,29,0,7
21,7,15,28,7,7,15,0,7,0,0,0,7,0,0,0,0,0,14,29,7,0,35,0,0,29,14,14,7,7,0,0,0,0,0,0,0,0,0,0,0,14,29,0,7,35,7,7
28,7,7,15,0,7,0,0,0,7,0,0,0,0,0,14,29,7,0,35,0,0,29,14,14,7,7,0,0,0,0,0,0,0,0,0,0,0,14,29,0,7,35,7,7,0,7,0
7,7,15,0,7,0,0,0,7,0,0,0,0,0,14,29,7,0,35,0,0,29,14,14,7,7,0,0,0,0,0,0,0,0,0,0,0,14,29,0,7,35,7,7,0,7,0,0
7,15,0,7,0,0,0,7,0,0,0,0,0,14,29,7,0,35,0,0,29,14,14,7,7,0,0,0,0,0,0,0,0,0,0,0,14,29,0,7,35,7,7,0,7,0,0,0
15,0,7,0,0,0,7,0,0,0,0,0,14,29,7,0,35,0,0,29,14,14,7,7,0,0,0,0,0,0,0,0,0,0,0,14,29,0,7,35,7,7,0,7,0,0,0,7
0,7,0,0,0,7,0,0,0,0,0,14,29,7,0,35,0,0,29,14,14,7,7,0,0,0,0,0,0,0,0,0,0,0,14,29,0,7,35,7,7,0,7,0,0,0,7,0
7,0,0,0,7,0,0,0,0,0,14,29,7,0,35,0,0,29,14,14,7,7,0,0,0,0,0,0,0,0,0,0,0,14,29,0,7,35,7,7,0,7,0,0,0,7,0,7
